{"credit":"MadewithBlockbench","texture_size":[64,64],"textures":{"0":"blocks/delphox/texture","particle":"blocks/delphox/texture"},"elements":[{"from":[6,19.5,7.5],"to":[10,23.5,11.5],"rotation":{"angle":0,"axis":"y","origin":[7.5,13.5,7.5]},"faces":{"north":{"uv":[8.5,0,9.5,1],"texture":"#0"},"east":{"uv":[8.5,1,9.5,2],"texture":"#0"},"south":{"uv":[8.5,2,9.5,3],"texture":"#0"},"west":{"uv":[8.5,3,9.5,4],"texture":"#0"},"up":{"uv":[9.5,5,8.5,4],"texture":"#0"},"down":{"uv":[9.5,5,8.5,6],"texture":"#0"}}},{"from":[6.25,11.5,8],"to":[9.75,19.5,11.5],"rotation":{"angle":0,"axis":"y","origin":[7.5,13.5,7.5]},"faces":{"north":{"uv":[6.5,6,7.375,8],"texture":"#0"},"east":{"uv":[7.5,0,8.375,2],"texture":"#0"},"south":{"uv":[7.5,2,8.375,4],"texture":"#0"},"west":{"uv":[7.5,6,8.375,8],"texture":"#0"},"up":{"uv":[9.375,6.875,8.5,6],"texture":"#0"},"down":{"uv":[9.375,7,8.5,7.875],"texture":"#0"}}},{"from":[1.5,14.75,8.25],"to":[9.5,17.75,11.25],"rotation":{"angle":22.5,"axis":"z","origin":[7.5,13.5,7.5]},"faces":{"north":{"uv":[0,8,2,8.75],"texture":"#0"},"east":{"uv":[0.75,8.75,1.5,9.5],"texture":"#0"},"south":{"uv":[2,8,4,8.75],"texture":"#0"},"west":{"uv":[1.5,8.75,2.25,9.5],"texture":"#0"},"up":{"uv":[8.5,8.75,6.5,8],"texture":"#0"},"down":{"uv":[6,8.25,4,9],"texture":"#0"}}},{"from":[1.5,16.5,9.75],"to":[6.5,25.5,9.75],"rotation":{"angle":45,"axis":"z","origin":[7.5,13.5,7.5]},"faces":{"north":{"uv":[4,6,5.25,8.25],"texture":"#0"},"east":{"uv":[0,0,0,2.25],"texture":"#0"},"south":{"uv":[5.25,6,6.5,8.25],"texture":"#0"},"west":{"uv":[0,0,0,2.25],"texture":"#0"},"up":{"uv":[1.25,0,0,0],"texture":"#0"},"down":{"uv":[1.25,0,0,0],"texture":"#0"}}},{"from":[4.25,7.5,7.75],"to":[11.75,15.5,11.75],"rotation":{"angle":0,"axis":"y","origin":[7.5,13.5,7.5]},"faces":{"north":{"uv":[0,6,1.875,8],"texture":"#0"},"east":{"uv":[6.5,0,7.5,2],"texture":"#0"},"south":{"uv":[2,6,3.875,8],"texture":"#0"},"west":{"uv":[6.5,2,7.5,4],"texture":"#0"},"up":{"uv":[8.375,5,6.5,4],"texture":"#0"},"down":{"uv":[8.375,5,6.5,6],"texture":"#0"}}},{"from":[8,7.5,11.75],"to":[8,21.5,20.75],"rotation":{"angle":0,"axis":"y","origin":[7.5,13.5,7.5]},"faces":{"north":{"uv":[0,0,0,3.5],"texture":"#0"},"east":{"uv":[0,0,2.25,3.5],"texture":"#0"},"south":{"uv":[0,0,0,3.5],"texture":"#0"},"west":{"uv":[2.25,0,4.5,3.5],"texture":"#0"},"up":{"uv":[0,2.25,0,0],"texture":"#0"},"down":{"uv":[0,0,0,2.25],"texture":"#0"}}},{"from":[4.5,5.25,3.75],"to":[7,7.25,7.75],"rotation":{"angle":-22.5,"axis":"x","origin":[7.5,13.5,7.5]},"faces":{"north":{"uv":[5.25,9,5.875,9.5],"texture":"#0"},"east":{"uv":[2.25,8.75,3.25,9.25],"texture":"#0"},"south":{"uv":[9,9,9.625,9.5],"texture":"#0"},"west":{"uv":[6,8.75,7,9.25],"texture":"#0"},"up":{"uv":[9.125,9,8.5,8],"texture":"#0"},"down":{"uv":[0.625,8.75,0,9.75],"texture":"#0"}}},{"from":[9,5.25,3.75],"to":[11.5,7.25,7.75],"rotation":{"angle":-22.5,"axis":"x","origin":[8.5,13.5,7.5]},"faces":{"north":{"uv":[5.875,9,5.25,9.5],"texture":"#0"},"east":{"uv":[7,8.75,6,9.25],"texture":"#0"},"south":{"uv":[9.625,9,9,9.5],"texture":"#0"},"west":{"uv":[3.25,8.75,2.25,9.25],"texture":"#0"},"up":{"uv":[8.5,9,9.125,8],"texture":"#0"},"down":{"uv":[0,8.75,0.625,9.75],"texture":"#0"}}},{"from":[4.25,3.5,7.75],"to":[11.75,15.5,7.75],"rotation":{"angle":22.5,"axis":"x","origin":[7.5,13.5,7.5]},"faces":{"north":{"uv":[4.5,0,6.375,3],"texture":"#0"},"east":{"uv":[0,0,0,3],"texture":"#0"},"south":{"uv":[4.5,3,6.375,6],"texture":"#0"},"west":{"uv":[0,0,0,3],"texture":"#0"},"up":{"uv":[1.875,0,0,0],"texture":"#0"},"down":{"uv":[1.875,0,0,0],"texture":"#0"}}},{"from":[4.25,2.5,11.25],"to":[11.75,14.5,11.25],"rotation":{"angle":-22.5,"axis":"x","origin":[7.5,13.5,8.5]},"faces":{"north":{"uv":[6.375,3,4.5,6],"texture":"#0"},"east":{"uv":[0,0,0,3],"texture":"#0"},"south":{"uv":[6.375,0,4.5,3],"texture":"#0"},"west":{"uv":[0,0,0,3],"texture":"#0"},"up":{"uv":[1.875,0,0,0],"texture":"#0"},"down":{"uv":[1.875,0,0,0],"texture":"#0"}}},{"from":[6,19.5,5.5],"to":[10,21.5,7.5],"rotation":{"angle":0,"axis":"y","origin":[7.5,13.5,7.5]},"faces":{"north":{"uv":[7,8.75,8,9.25],"texture":"#0"},"east":{"uv":[6,8.25,6.5,8.75],"texture":"#0"},"south":{"uv":[3.25,9,4.25,9.5],"texture":"#0"},"west":{"uv":[2.25,9.25,2.75,9.75],"texture":"#0"},"up":{"uv":[5.25,9.5,4.25,9],"texture":"#0"},"down":{"uv":[9,9,8,9.5],"texture":"#0"}}},{"from":[-1,21.5,8.5],"to":[8,31.5,8.5],"rotation":{"angle":22.5,"axis":"y","origin":[7.5,13.5,7.5]},"faces":{"north":{"uv":[0,3.5,2.25,6],"texture":"#0"},"east":{"uv":[0,0,0,2.5],"texture":"#0"},"south":{"uv":[2.25,3.5,4.5,6],"texture":"#0"},"west":{"uv":[0,0,0,2.5],"texture":"#0"},"up":{"uv":[2.25,0,0,0],"texture":"#0"},"down":{"uv":[2.25,0,0,0],"texture":"#0"}}},{"from":[8,21.5,8.5],"to":[17,31.5,8.5],"rotation":{"angle":-22.5,"axis":"y","origin":[8.5,13.5,7.5]},"faces":{"north":{"uv":[2.25,3.5,0,6],"texture":"#0"},"east":{"uv":[0,0,0,2.5],"texture":"#0"},"south":{"uv":[4.5,3.5,2.25,6],"texture":"#0"},"west":{"uv":[0,0,0,2.5],"texture":"#0"},"up":{"uv":[0,0,2.25,0],"texture":"#0"},"down":{"uv":[0,0,2.25,0],"texture":"#0"}}},{"from":[6.5,14.75,8.25],"to":[14.5,17.75,11.25],"rotation":{"angle":-22.5,"axis":"z","origin":[8.5,13.5,7.5]},"faces":{"north":{"uv":[2,8,0,8.75],"texture":"#0"},"east":{"uv":[2.25,8.75,1.5,9.5],"texture":"#0"},"south":{"uv":[4,8,2,8.75],"texture":"#0"},"west":{"uv":[1.5,8.75,0.75,9.5],"texture":"#0"},"up":{"uv":[6.5,8.75,8.5,8],"texture":"#0"},"down":{"uv":[4,8.25,6,9],"texture":"#0"}}}],"display":{"thirdperson_righthand":{"rotation":[90,-90,0],"translation":[-6,-14.25,13.5],"scale":[2.2,2.2,2.2]},"fixed":{"translation":[0.25,7,0],"scale":[2,2,2]}}}