{"credit":"MadewithBlockbench","texture_size":[32,32],"textures":{"0":"blocks/porygonz/texture","particle":"blocks/porygonz/texture"},"elements":[{"from":[6,9,7],"to":[10,13,11],"faces":{"north":{"uv":[5,5,7,7],"texture":"#0"},"east":{"uv":[0,6,2,8],"texture":"#0"},"south":{"uv":[2,6,4,8],"texture":"#0"},"west":{"uv":[4,7,6,9],"texture":"#0"},"up":{"uv":[9,7,7,5],"texture":"#0"},"down":{"uv":[8,7,6,9],"texture":"#0"}}},{"from":[5.5,-1.15,9.35],"to":[10.5,4.1,13.6],"rotation":{"angle":-22.5,"axis":"x","origin":[0,0,0]},"faces":{"north":{"uv":[0,0,2.5,2.75],"texture":"#0"},"east":{"uv":[0,3,2.25,5.75],"texture":"#0"},"south":{"uv":[2.5,0,5,2.75],"texture":"#0"},"west":{"uv":[2.5,3,4.75,5.75],"texture":"#0"},"up":{"uv":[7.5,2.25,5,0],"texture":"#0"},"down":{"uv":[7.5,2.5,5,4.75],"texture":"#0"}}},{"from":[7,3.85,9.35],"to":[9,8.1,10.6],"rotation":{"angle":22.5,"axis":"x","origin":[0,0,0]},"faces":{"north":{"uv":[0,8,1,10.25],"texture":"#0"},"east":{"uv":[8,8,8.75,10.25],"texture":"#0"},"south":{"uv":[1,8,2,10.25],"texture":"#0"},"west":{"uv":[2,9,2.75,11.25],"texture":"#0"},"up":{"uv":[5,6.75,4,6],"texture":"#0"},"down":{"uv":[8,9,7,9.75],"texture":"#0"}}},{"from":[3.85,5,6.35],"to":[8.1,7,7.6],"rotation":{"angle":-22.5,"axis":"y","origin":[0,0,0]},"faces":{"north":{"uv":[7.5,3,9.75,4],"texture":"#0"},"east":{"uv":[9,8,9.75,9],"texture":"#0"},"south":{"uv":[7.5,4,9.75,5],"texture":"#0"},"west":{"uv":[9,9,9.75,10],"texture":"#0"},"up":{"uv":[5.25,9.75,3,9],"texture":"#0"},"down":{"uv":[11.25,5,9,5.75],"texture":"#0"}}},{"from":[7.9,5,6.35],"to":[12.15,7,7.6],"rotation":{"angle":22.5,"axis":"y","origin":[16,0,0]},"faces":{"north":{"uv":[9.75,3,7.5,4],"texture":"#0"},"east":{"uv":[9.75,9,9,10],"texture":"#0"},"south":{"uv":[9.75,4,7.5,5],"texture":"#0"},"west":{"uv":[9.75,8,9,9],"texture":"#0"},"up":{"uv":[3,9.75,5.25,9],"texture":"#0"},"down":{"uv":[9,5,11.25,5.75],"texture":"#0"}}},{"from":[7.5,13,8.5],"to":[8.5,15,9.5],"faces":{"north":{"uv":[9.5,0,10,1],"texture":"#0"},"east":{"uv":[9.5,1,10,2],"texture":"#0"},"south":{"uv":[9.5,2,10,3],"texture":"#0"},"west":{"uv":[10,0,10.5,1],"texture":"#0"},"up":{"uv":[10.5,1.5,10,1],"texture":"#0"},"down":{"uv":[10.5,1.5,10,2],"texture":"#0"}}},{"from":[6.25,9.25,4.25],"to":[9.75,11,7],"faces":{"north":{"uv":[2,8,3.75,9],"texture":"#0"},"east":{"uv":[5.5,9,7,10],"texture":"#0"},"south":{"uv":[8,7,9.75,8],"texture":"#0"},"west":{"uv":[9,6,10.5,7],"texture":"#0"},"up":{"uv":[9.25,1.5,7.5,0],"texture":"#0"},"down":{"uv":[9.25,1.5,7.5,3],"texture":"#0"}}}],"display":{"thirdperson_righthand":{"rotation":[90,-90,0],"translation":[-6,-14.25,13.5],"scale":[2.2,2.2,2.2]},"fixed":{"translation":[0.25,7,0],"scale":[2,2,2]}}}