{"credit":"MadewithBlockbench","texture_size":[64,64],"textures":{"0":"blocks/mamoswine/texture","particle":"blocks/mamoswine/texture"},"elements":[{"from":[4,8,1],"to":[12,16,12],"faces":{"north":{"uv":[0,4,2,6],"texture":"#0"},"east":{"uv":[0,0,2.75,2],"texture":"#0"},"south":{"uv":[4.75,0,6.75,2],"texture":"#0"},"west":{"uv":[0,2,2.75,4],"texture":"#0"},"up":{"uv":[4.75,2.75,2.75,0],"texture":"#0"},"down":{"uv":[4.75,2.75,2.75,5.5],"texture":"#0"}}},{"from":[3.25,4.25,1.25],"to":[7.5,8.25,6],"rotation":{"angle":0,"axis":"y","origin":[-0.5,0,0]},"faces":{"north":{"uv":[6,4,7.125,5],"texture":"#0"},"east":{"uv":[6,2,7.25,3],"texture":"#0"},"south":{"uv":[6.75,0,7.875,1],"texture":"#0"},"west":{"uv":[6,3,7.25,4],"texture":"#0"},"up":{"uv":[5.875,3.25,4.75,2],"texture":"#0"},"down":{"uv":[5.875,3.25,4.75,4.5],"texture":"#0"}}},{"from":[3.5,4.225,0.25],"to":[7.25,5.25,2],"rotation":{"angle":0,"axis":"y","origin":[-0.5,0,0]},"faces":{"north":{"uv":[3,7.5,4,7.75],"texture":"#0"},"east":{"uv":[6.75,1.75,7.25,2],"texture":"#0"},"south":{"uv":[7.5,5,8.5,5.25],"texture":"#0"},"west":{"uv":[4,7.5,4.5,7.75],"texture":"#0"},"up":{"uv":[8,7,7,6.5],"texture":"#0"},"down":{"uv":[7.75,7,6.75,7.5],"texture":"#0"}}},{"from":[3.5,4.225,7.25],"to":[7.25,5.25,9],"rotation":{"angle":0,"axis":"y","origin":[-0.5,0,0]},"faces":{"north":{"uv":[7.5,5.25,8.5,5.5],"texture":"#0"},"east":{"uv":[6.75,7.5,7.25,7.75],"texture":"#0"},"south":{"uv":[7.5,5.5,8.5,5.75],"texture":"#0"},"west":{"uv":[7.25,7.5,7.75,7.75],"texture":"#0"},"up":{"uv":[1,7.75,0,7.25],"texture":"#0"},"down":{"uv":[8.25,1.75,7.25,2.25],"texture":"#0"}}},{"from":[3.25,4.25,8],"to":[7.5,9,12.25],"rotation":{"angle":0,"axis":"y","origin":[-0.5,0,0]},"faces":{"north":{"uv":[4.75,4.5,5.875,5.75],"texture":"#0"},"east":{"uv":[2,5.5,3.125,6.75],"texture":"#0"},"south":{"uv":[3.25,5.5,4.375,6.75],"texture":"#0"},"west":{"uv":[4.5,5.75,5.625,7],"texture":"#0"},"up":{"uv":[6.875,6.875,5.75,5.75],"texture":"#0"},"down":{"uv":[1.125,6,0,7.125],"texture":"#0"}}},{"from":[3.175,6.925,1.575],"to":[6.175,9.925,7.575],"rotation":{"angle":-22.5,"axis":"x","origin":[-1.825,-0.075,1.175]},"faces":{"north":{"uv":[7,5.75,7.75,6.5],"texture":"#0"},"east":{"uv":[6,5,7.5,5.75],"texture":"#0"},"south":{"uv":[6,7,6.75,7.75],"texture":"#0"},"west":{"uv":[6.75,1,8.25,1.75],"texture":"#0"},"up":{"uv":[2.75,5.5,2,4],"texture":"#0"},"down":{"uv":[2,6,1.25,7.5],"texture":"#0"}}},{"from":[3.425,12.41386,-9.50236],"to":[5.925,14.81386,-4.50236],"rotation":{"angle":45,"axis":"x","origin":[-1.825,5.41386,-9.90236]},"faces":{"north":{"uv":[7.25,2.25,7.875,2.875],"texture":"#0"},"east":{"uv":[2,6.75,3.25,7.375],"texture":"#0"},"south":{"uv":[7.25,3,7.875,3.625],"texture":"#0"},"west":{"uv":[3.25,6.75,4.5,7.375],"texture":"#0"},"up":{"uv":[5.125,8.25,4.5,7],"texture":"#0"},"down":{"uv":[5.875,7,5.25,8.25],"texture":"#0"}}},{"from":[3.675,10.08076,-4.66977],"to":[5.675,13.33076,-2.76977],"rotation":{"angle":0,"axis":"x","origin":[-1.825,15.48076,-11.66977]},"faces":{"north":{"uv":[7.25,3.75,7.75,4.5],"texture":"#0"},"east":{"uv":[1,7.5,1.5,8.25],"texture":"#0"},"south":{"uv":[1.5,7.5,2,8.25],"texture":"#0"},"west":{"uv":[2,7.5,2.5,8.25],"texture":"#0"},"up":{"uv":[7.75,5,7.25,4.5],"texture":"#0"},"down":{"uv":[3,7.5,2.5,8],"texture":"#0"}}},{"from":[10.075,12.41386,-9.50236],"to":[12.575,14.81386,-4.50236],"rotation":{"angle":45,"axis":"x","origin":[17.825,5.41386,-9.90236]},"faces":{"north":{"uv":[7.875,2.25,7.25,2.875],"texture":"#0"},"east":{"uv":[4.5,6.75,3.25,7.375],"texture":"#0"},"south":{"uv":[7.875,3,7.25,3.625],"texture":"#0"},"west":{"uv":[3.25,6.75,2,7.375],"texture":"#0"},"up":{"uv":[4.5,8.25,5.125,7],"texture":"#0"},"down":{"uv":[5.25,7,5.875,8.25],"texture":"#0"}}},{"from":[9.825,6.925,1.575],"to":[12.825,9.925,7.575],"rotation":{"angle":-22.5,"axis":"x","origin":[17.825,-0.075,1.175]},"faces":{"north":{"uv":[7.75,5.75,7,6.5],"texture":"#0"},"east":{"uv":[8.25,1,6.75,1.75],"texture":"#0"},"south":{"uv":[6.75,7,6,7.75],"texture":"#0"},"west":{"uv":[7.5,5,6,5.75],"texture":"#0"},"up":{"uv":[2,5.5,2.75,4],"texture":"#0"},"down":{"uv":[1.25,6,2,7.5],"texture":"#0"}}},{"from":[10.325,10.08076,-4.66977],"to":[12.325,13.33076,-2.76977],"rotation":{"angle":0,"axis":"x","origin":[17.825,15.48076,-11.66977]},"faces":{"north":{"uv":[7.75,3.75,7.25,4.5],"texture":"#0"},"east":{"uv":[2.5,7.5,2,8.25],"texture":"#0"},"south":{"uv":[2,7.5,1.5,8.25],"texture":"#0"},"west":{"uv":[1.5,7.5,1,8.25],"texture":"#0"},"up":{"uv":[7.25,5,7.75,4.5],"texture":"#0"},"down":{"uv":[2.5,7.5,3,8],"texture":"#0"}}},{"from":[8.5,4.25,8],"to":[12.75,9,12.25],"rotation":{"angle":0,"axis":"y","origin":[16.5,0,0]},"faces":{"north":{"uv":[5.875,4.5,4.75,5.75],"texture":"#0"},"east":{"uv":[5.625,5.75,4.5,7],"texture":"#0"},"south":{"uv":[4.375,5.5,3.25,6.75],"texture":"#0"},"west":{"uv":[3.125,5.5,2,6.75],"texture":"#0"},"up":{"uv":[5.75,6.875,6.875,5.75],"texture":"#0"},"down":{"uv":[0,6,1.125,7.125],"texture":"#0"}}},{"from":[8.75,4.225,7.25],"to":[12.5,5.25,9],"rotation":{"angle":0,"axis":"y","origin":[16.5,0,0]},"faces":{"north":{"uv":[8.5,5.25,7.5,5.5],"texture":"#0"},"east":{"uv":[7.75,7.5,7.25,7.75],"texture":"#0"},"south":{"uv":[8.5,5.5,7.5,5.75],"texture":"#0"},"west":{"uv":[7.25,7.5,6.75,7.75],"texture":"#0"},"up":{"uv":[0,7.75,1,7.25],"texture":"#0"},"down":{"uv":[7.25,1.75,8.25,2.25],"texture":"#0"}}},{"from":[8.5,4.25,1.25],"to":[12.75,8.25,6],"rotation":{"angle":0,"axis":"y","origin":[16.5,0,0]},"faces":{"north":{"uv":[7.125,4,6,5],"texture":"#0"},"east":{"uv":[7.25,3,6,4],"texture":"#0"},"south":{"uv":[7.875,0,6.75,1],"texture":"#0"},"west":{"uv":[7.25,2,6,3],"texture":"#0"},"up":{"uv":[4.75,3.25,5.875,2],"texture":"#0"},"down":{"uv":[4.75,3.25,5.875,4.5],"texture":"#0"}}},{"from":[8.75,4.225,0.25],"to":[12.5,5.25,2],"rotation":{"angle":0,"axis":"y","origin":[16.5,0,0]},"faces":{"north":{"uv":[4,7.5,3,7.75],"texture":"#0"},"east":{"uv":[4.5,7.5,4,7.75],"texture":"#0"},"south":{"uv":[8.5,5,7.5,5.25],"texture":"#0"},"west":{"uv":[7.25,1.75,6.75,2],"texture":"#0"},"up":{"uv":[7,7,8,6.5],"texture":"#0"},"down":{"uv":[6.75,7,7.75,7.5],"texture":"#0"}}}],"display":{"thirdperson_righthand":{"rotation":[90,-90,0],"translation":[-6,-14.25,13.5],"scale":[2.2,2.2,2.2]},"fixed":{"translation":[0.25,7,0],"scale":[2,2,2]}}}