{"credit":"MadewithBlockbench","texture_size":[64,64],"textures":{"3":"blocks/slimepick/texture","4":"blocks/slimepick/pickaxee"},"elements":[{"from":[8,1.85,7],"to":[9,15.4,8],"faces":{"north":{"uv":[0,2,1,12.5],"texture":"#4"},"east":{"uv":[0,2,1,12.5],"texture":"#4"},"south":{"uv":[0,2,1,12.5],"texture":"#4"},"west":{"uv":[0,2,1,12.5],"texture":"#4"},"up":{"uv":[0,0,0.25,0.25],"texture":"#4"},"down":{"uv":[0,0,0.25,0.25],"texture":"#4"}}},{"from":[7.75,0.75,6.75],"to":[9.25,2,8.25],"faces":{"north":{"uv":[5.5,1,5.875,1.3125],"texture":"#4"},"east":{"uv":[6,1,6.375,1.3125],"texture":"#4"},"south":{"uv":[6,0.5,6.375,0.8125],"texture":"#4"},"west":{"uv":[6,0.5,6.375,0.8125],"texture":"#4"},"up":{"uv":[6,1,6.375,1.375],"texture":"#4"},"down":{"uv":[6,1,6.375,1.375],"texture":"#4"}}},{"from":[7.75,15.25,6.75],"to":[9.25,18,8.25],"rotation":{"angle":0,"axis":"y","origin":[0,4,0]},"faces":{"north":{"uv":[3.5,1,3.875,1.4375],"texture":"#4"},"east":{"uv":[3.5,1,3.875,1.4375],"texture":"#4"},"south":{"uv":[3.5,1,3.875,1.4375],"texture":"#4"},"west":{"uv":[3.5,1,3.875,1.4375],"texture":"#4"},"up":{"uv":[3.5,1,3.875,1.375],"texture":"#4"},"down":{"uv":[3.5,1,3.875,1.375],"texture":"#4"}}},{"from":[7,6.925,16.65],"to":[9.95,10.375,17.65],"rotation":{"angle":-45,"axis":"x","origin":[0,3.4,0]},"faces":{"north":{"uv":[5.5,0.5,6.375,1.375],"texture":"#4"},"east":{"uv":[7.5,0.5,7.75,1.375],"texture":"#4"},"south":{"uv":[7.5,0,8,1.5],"texture":"#4"},"west":{"uv":[7.5,0.5,7.75,1.375],"texture":"#4"},"up":{"uv":[6,1.5,6.875,1.75],"texture":"#4"},"down":{"uv":[6,1.5,6.875,1.75],"texture":"#4"}}},{"from":[7.4925,-3.1122,5.1863],"to":[9.4945,-1.1388,5.7583],"rotation":{"angle":-45,"axis":"x","origin":[3.424,2.288,3.424]},"faces":{"north":{"uv":[6,0.5,6.875,1.375],"texture":"#4"},"east":{"uv":[7.5,0.5,7.75,1.375],"texture":"#4"},"south":{"uv":[7.5,0,8,1.5],"texture":"#4"},"west":{"uv":[7.5,0.5,7.75,1.375],"texture":"#4"},"up":{"uv":[6,1.5,6.875,1.75],"texture":"#4"},"down":{"uv":[6,1.5,6.875,1.75],"texture":"#4"}}},{"from":[7,27.26751,15.986],"to":[9.95,28.26751,19.486],"rotation":{"angle":-45,"axis":"x","origin":[0,10.11751,22.486]},"faces":{"north":{"uv":[3,1,3.875,1.25],"rotation":180,"texture":"#4"},"east":{"uv":[7.5,0.5,7.75,1.375],"rotation":270,"texture":"#4"},"south":{"uv":[3,0.5,3.875,0.75],"texture":"#4"},"west":{"uv":[7.5,0.5,7.75,1.375],"rotation":90,"texture":"#4"},"up":{"uv":[7.5,0,8,1.5],"rotation":180,"texture":"#4"},"down":{"uv":[5.5,1,6.375,1.875],"rotation":180,"texture":"#4"}}},{"from":[7.4925,8.52372,4.80649],"to":[9.4945,9.09572,6.80849],"rotation":{"angle":-45,"axis":"x","origin":[3.424,6.13042,16.28599]},"faces":{"north":{"uv":[5.5,1,6.375,1.25],"rotation":180,"texture":"#4"},"east":{"uv":[3,1,3.25,1.875],"rotation":270,"texture":"#4"},"south":{"uv":[3,0.5,3.875,0.75],"texture":"#4"},"west":{"uv":[3.5,0.5,3.75,1.375],"rotation":90,"texture":"#4"},"up":{"uv":[7.5,0,8,1.5],"rotation":180,"texture":"#4"},"down":{"uv":[5.5,0,6.375,0.875],"rotation":180,"texture":"#4"}}},{"from":[7,6.925,14.175],"to":[9.95,9.4,15.15],"rotation":{"angle":-45,"axis":"x","origin":[0,3.4,0]},"faces":{"north":{"uv":[5.5,0.5,6.375,1.375],"texture":"#4"},"east":{"uv":[6,0.5,6.25,1.375],"texture":"#4"},"south":{"uv":[6,0.5,6.875,1.375],"texture":"#4"},"west":{"uv":[6,1,6.25,1.875],"texture":"#4"},"up":{"uv":[5.5,1,6.375,1.25],"texture":"#4"},"down":{"uv":[5.5,1,6.375,1.25],"texture":"#4"}}},{"from":[7.4925,-3.1122,3.7706],"to":[9.4945,-1.6965,4.3283],"rotation":{"angle":-45,"axis":"x","origin":[3.424,2.288,3.424]},"faces":{"north":{"uv":[5.5,0.5,6.375,1.375],"texture":"#4"},"east":{"uv":[6,0.5,6.25,1.375],"texture":"#4"},"south":{"uv":[6,0.5,6.875,1.375],"texture":"#4"},"west":{"uv":[6,1,6.25,1.875],"texture":"#4"},"up":{"uv":[5.5,1,6.375,1.25],"texture":"#4"},"down":{"uv":[5.5,1,6.375,1.25],"texture":"#4"}}},{"from":[7,24.79251,16.986],"to":[9.95,25.76751,18.486],"rotation":{"angle":-45,"axis":"x","origin":[0,10.11751,22.486]},"faces":{"north":{"uv":[5.5,1,6.375,1.25],"rotation":180,"texture":"#4"},"east":{"uv":[6,1,6.25,1.875],"rotation":90,"texture":"#4"},"south":{"uv":[5.5,1,6.375,1.25],"texture":"#4"},"west":{"uv":[6,0.5,6.25,1.375],"rotation":270,"texture":"#4"},"up":{"uv":[6,0.5,6.875,1.375],"texture":"#4"},"down":{"uv":[5.5,0.5,6.375,1.375],"rotation":180,"texture":"#4"}}},{"from":[7.4925,7.10802,5.37849],"to":[9.4945,7.66572,6.23649],"rotation":{"angle":-45,"axis":"x","origin":[3.424,6.13042,16.28599]},"faces":{"north":{"uv":[5.5,1,6.375,1.25],"rotation":180,"texture":"#4"},"east":{"uv":[6,0.5,6.25,1.375],"rotation":90,"texture":"#4"},"south":{"uv":[5.5,1,6.375,1.25],"texture":"#4"},"west":{"uv":[6,0.5,6.25,1.375],"rotation":270,"texture":"#4"},"up":{"uv":[6,0.5,6.875,1.375],"texture":"#4"},"down":{"uv":[5.5,0.5,6.375,1.375],"rotation":180,"texture":"#4"}}},{"from":[7.25,25.26751,16.486],"to":[9.75,27.76751,18.986],"rotation":{"angle":-45,"axis":"x","origin":[0,10.11751,22.486]},"faces":{"north":{"uv":[0,0,0.625,0.625],"rotation":180,"texture":"#4"},"east":{"uv":[10.5,3.5,11.5,4.5],"rotation":90,"texture":"#4"},"south":{"uv":[0,0,0.625,0.625],"texture":"#4"},"west":{"uv":[10.5,3.5,11.5,4.5],"rotation":180,"texture":"#4"},"up":{"uv":[0,0,0.625,0.625],"texture":"#4"},"down":{"uv":[0,0,0.625,0.625],"rotation":180,"texture":"#4"}}},{"from":[7.7785,7.37972,5.09249],"to":[9.2085,8.80972,6.52249],"rotation":{"angle":-45,"axis":"x","origin":[3.424,6.13042,16.28599]},"faces":{"north":{"uv":[0,0,0.625,0.625],"rotation":180,"texture":"#4"},"east":{"uv":[10.5,3.5,11.5,4.5],"rotation":90,"texture":"#4"},"south":{"uv":[0,0,0.625,0.625],"texture":"#4"},"west":{"uv":[10.5,3.5,11.5,4.5],"rotation":180,"texture":"#4"},"up":{"uv":[0,0,0.625,0.625],"texture":"#4"},"down":{"uv":[0,0,0.625,0.625],"rotation":180,"texture":"#4"}}},{"from":[7.75,16.5,3.8],"to":[9.25,19.75,6.8],"rotation":{"angle":0,"axis":"y","origin":[0,3.4,0]},"faces":{"north":{"uv":[3,0,4,2],"texture":"#4"},"east":{"uv":[7,0,9,2],"texture":"#4"},"south":{"uv":[0,0,0.375,0.8125],"texture":"#4"},"west":{"uv":[6.5,0,8.5,2],"texture":"#4"},"up":{"uv":[4.5,0,5.5,2],"texture":"#4"},"down":{"uv":[5.5,0,6.5,2],"texture":"#4"}}},{"from":[7.75,16.5,8.2],"to":[9.25,19.75,11.2],"rotation":{"angle":0,"axis":"y","origin":[0,3.4,16]},"faces":{"north":{"uv":[0.375,0,0,0.8125],"texture":"#4"},"east":{"uv":[9,0,7,2],"texture":"#4"},"south":{"uv":[4,0,3,2],"texture":"#4"},"west":{"uv":[8.5,0,6.5,2],"texture":"#4"},"up":{"uv":[4.5,2,5.5,0],"texture":"#4"},"down":{"uv":[5.5,2,6.5,0],"texture":"#4"}}},{"from":[8.5,13.5,-2.95],"to":[8.5,19.75,3.8],"rotation":{"angle":0,"axis":"y","origin":[0,3.4,0]},"faces":{"north":{"uv":[0,0,0,1.5625],"texture":"#4"},"east":{"uv":[11.5,12,16,16],"texture":"#4"},"south":{"uv":[0,0,0,1.5625],"texture":"#4"},"west":{"uv":[7,12,11.5,16],"texture":"#4"},"up":{"uv":[0,0,0,1.6875],"texture":"#4"},"down":{"uv":[0,0,0,1.6875],"texture":"#4"}}},{"from":[8.5,5.875,-2.95],"to":[8.5,19.125,17.8],"rotation":{"angle":0,"axis":"y","origin":[0,3.4,0]},"faces":{"north":{"uv":[0,0,0,1.5625],"texture":"#3"},"east":{"uv":[6,12,11.5,16],"texture":"#3"},"south":{"uv":[0,0,0,1.5625],"texture":"#3"},"west":{"uv":[6,12,11.5,16],"texture":"#3"},"up":{"uv":[0,0,0,1.6875],"texture":"#3"},"down":{"uv":[0,0,0,1.6875],"texture":"#3"}}},{"from":[8.5,13.5,11.2],"to":[8.5,19.75,17.95],"rotation":{"angle":0,"axis":"y","origin":[0,3.4,16]},"faces":{"north":{"uv":[0,0,0,1.5625],"texture":"#4"},"east":{"uv":[16,12,11.5,16],"texture":"#4"},"south":{"uv":[0,0,0,1.5625],"texture":"#4"},"west":{"uv":[11.5,12,7,16],"texture":"#4"},"up":{"uv":[0,1.6875,0,0],"texture":"#4"},"down":{"uv":[0,1.6875,0,0],"texture":"#4"}}}],"display":{"thirdperson_righthand":{"translation":[0,0,2]},"thirdperson_lefthand":{"translation":[0,3,1],"scale":[0.55,0.55,0.55]},"firstperson_righthand":{"rotation":[0,-156,-3.5],"translation":[1.63,-0.8,1.13],"scale":[0.8,0.8,0.8]},"firstperson_lefthand":{"rotation":[0,-90,25],"translation":[1.13,3.2,1.13],"scale":[0.68,0.68,0.68]},"ground":{"translation":[0,2,0],"scale":[0.5,0.5,0.5]},"gui":{"rotation":[104,-132,93],"translation":[-2,-1.5,0],"scale":[0.625,0.625,0.625]},"head":{"rotation":[0,180,0],"translation":[0,13,7]},"fixed":{"rotation":[0,-90,0],"translation":[-0.5,-1.75,-1.25]}},"groups":[{"name":"group","origin":[0,0,0],"children":[0,1,2,3,4,5,6,7,8,9,10,11,12,13,14,15,16,17]}]}