{"credit":"MadewithBlockbench","texture_size":[64,64],"textures":{"0":"blocks/aggron/texture","particle":"blocks/aggron/texture"},"elements":[{"from":[6.5,13.5,5.5],"to":[9.5,16.5,10.25],"rotation":{"angle":0,"axis":"y","origin":[7.5,13.5,7.5]},"faces":{"north":{"uv":[4,3,4.75,3.75],"texture":"#0"},"east":{"uv":[6.5,1,7.75,1.75],"texture":"#0"},"south":{"uv":[0,7.25,0.75,8],"texture":"#0"},"west":{"uv":[6.5,1.75,7.75,2.5],"texture":"#0"},"up":{"uv":[7.25,3.75,6.5,2.5],"texture":"#0"},"down":{"uv":[7.25,3.75,6.5,5],"texture":"#0"}}},{"from":[4.5,6.5,6.5],"to":[11.5,13.5,11.5],"rotation":{"angle":0,"axis":"y","origin":[7.5,13.5,7.5]},"faces":{"north":{"uv":[0,3.75,1.75,5.5],"texture":"#0"},"east":{"uv":[3.5,3.75,4.75,5.5],"texture":"#0"},"south":{"uv":[1.75,3.75,3.5,5.5],"texture":"#0"},"west":{"uv":[4,0,5.25,1.75],"texture":"#0"},"up":{"uv":[5.75,3,4,1.75],"texture":"#0"},"down":{"uv":[6.5,3,4.75,4.25],"texture":"#0"}}},{"from":[8,2.5,11.5],"to":[8,17.5,19.5],"rotation":{"angle":0,"axis":"y","origin":[7.5,13.5,7.5]},"faces":{"north":{"uv":[0,0,0,3.75],"texture":"#0"},"east":{"uv":[0,0,2,3.75],"texture":"#0"},"south":{"uv":[0,0,0,3.75],"texture":"#0"},"west":{"uv":[2,0,4,3.75],"texture":"#0"},"up":{"uv":[0,2,0,0],"texture":"#0"},"down":{"uv":[0,0,0,2],"texture":"#0"}}},{"from":[2.75,11.25,6.75],"to":[5.75,14.25,11.25],"rotation":{"angle":0,"axis":"y","origin":[7.5,13.5,7.5]},"faces":{"north":{"uv":[3.25,7.25,4,8],"texture":"#0"},"east":{"uv":[6.75,6,7.875,6.75],"texture":"#0"},"south":{"uv":[7.25,3.5,8,4.25],"texture":"#0"},"west":{"uv":[6.75,6.75,7.875,7.5],"texture":"#0"},"up":{"uv":[3.25,7.875,2.5,6.75],"texture":"#0"},"down":{"uv":[5,7,4.25,8.125],"texture":"#0"}}},{"from":[2.75,4.25,5.75],"to":[6.75,8.25,12.25],"rotation":{"angle":0,"axis":"y","origin":[7.5,13.5,7.5]},"faces":{"north":{"uv":[5.75,5.25,6.75,6.25],"texture":"#0"},"east":{"uv":[4.75,4.25,6.375,5.25],"texture":"#0"},"south":{"uv":[5.75,6.25,6.75,7.25],"texture":"#0"},"west":{"uv":[5.25,0,6.875,1],"texture":"#0"},"up":{"uv":[5.75,6.875,4.75,5.25],"texture":"#0"},"down":{"uv":[1,5.5,0,7.125],"texture":"#0"}}},{"from":[3.25,2.25,6.75],"to":[6.25,4.25,10.25],"rotation":{"angle":0,"axis":"y","origin":[7.5,13.5,7.5]},"faces":{"north":{"uv":[7.75,0.5,8.5,1],"texture":"#0"},"east":{"uv":[7,7.5,7.875,8],"texture":"#0"},"south":{"uv":[7.75,1,8.5,1.5],"texture":"#0"},"west":{"uv":[7.75,0,8.625,0.5],"texture":"#0"},"up":{"uv":[7.75,0.875,7,0],"texture":"#0"},"down":{"uv":[5.75,7,5,7.875],"texture":"#0"}}},{"from":[2.8,10.25,3.05],"to":[4.5,12.25,8.25],"rotation":{"angle":-22.5,"axis":"x","origin":[7.5,13.5,7.5]},"faces":{"north":{"uv":[5.25,1,5.625,1.5],"texture":"#0"},"east":{"uv":[7.25,2.5,8.5,3],"texture":"#0"},"south":{"uv":[1.5,8,1.875,8.5],"texture":"#0"},"west":{"uv":[7.25,3,8.5,3.5],"texture":"#0"},"up":{"uv":[4.625,6.75,4.25,5.5],"texture":"#0"},"down":{"uv":[6.875,7.5,6.5,8.75],"texture":"#0"}}},{"from":[0.75,10.7,6.75],"to":[5.75,10.7,11.25],"rotation":{"angle":-45,"axis":"z","origin":[7.5,13.5,7.5]},"faces":{"north":{"uv":[0,0,1.25,0],"texture":"#0"},"east":{"uv":[0,0,1.125,0],"texture":"#0"},"south":{"uv":[0,0,1.25,0],"texture":"#0"},"west":{"uv":[0,0,1.125,0],"texture":"#0"},"up":{"uv":[2.25,6.625,1,5.5],"texture":"#0"},"down":{"uv":[3.5,5.5,2.25,6.625],"texture":"#0"}}},{"from":[6.5,16.5,7.5],"to":[9.5,18.25,10.25],"rotation":{"angle":0,"axis":"y","origin":[7.5,13.5,7.5]},"faces":{"north":{"uv":[7.75,1.5,8.5,2],"texture":"#0"},"east":{"uv":[7.75,2,8.5,2.5],"texture":"#0"},"south":{"uv":[0,8,0.75,8.5],"texture":"#0"},"west":{"uv":[0.75,8,1.5,8.5],"texture":"#0"},"up":{"uv":[8,5,7.25,4.25],"texture":"#0"},"down":{"uv":[6.5,7.25,5.75,8],"texture":"#0"}}},{"from":[6.5,17,4.75],"to":[9.5,17,11.75],"rotation":{"angle":-22.5,"axis":"x","origin":[7.5,13.5,7.5]},"faces":{"north":{"uv":[0,0,0.75,0],"texture":"#0"},"east":{"uv":[0,0,1.75,0],"texture":"#0"},"south":{"uv":[0,0,0.75,0],"texture":"#0"},"west":{"uv":[0,0,1.75,0],"texture":"#0"},"up":{"uv":[4.25,7.25,3.5,5.5],"texture":"#0"},"down":{"uv":[6.5,1,5.75,2.75],"texture":"#0"}}},{"from":[6.5,11.75,11.25],"to":[9.5,16.75,11.25],"rotation":{"angle":-22.5,"axis":"x","origin":[7.5,14.5,7.5]},"faces":{"north":{"uv":[1,6.75,1.75,8],"texture":"#0"},"east":{"uv":[0,0,0,1.25],"texture":"#0"},"south":{"uv":[1.75,6.75,2.5,8],"texture":"#0"},"west":{"uv":[0,0,0,1.25],"texture":"#0"},"up":{"uv":[0.75,0,0,0],"texture":"#0"},"down":{"uv":[0.75,0,0,0],"texture":"#0"}}},{"from":[6.5,9.75,10.25],"to":[9.5,14.75,10.25],"rotation":{"angle":-22.5,"axis":"x","origin":[7.5,14.5,7.5]},"faces":{"north":{"uv":[1,6.75,1.75,8],"texture":"#0"},"east":{"uv":[0,0,0,1.25],"texture":"#0"},"south":{"uv":[1.75,6.75,2.5,8],"texture":"#0"},"west":{"uv":[0,0,0,1.25],"texture":"#0"},"up":{"uv":[0.75,0,0,0],"texture":"#0"},"down":{"uv":[0.75,0,0,0],"texture":"#0"}}},{"from":[7,16,0.75],"to":[7,18,7.75],"rotation":{"angle":22.5,"axis":"x","origin":[7.5,13.5,7.5]},"faces":{"north":{"uv":[0,0,0,0.5],"texture":"#0"},"east":{"uv":[6.75,5,8.5,5.5],"texture":"#0"},"south":{"uv":[0,0,0,0.5],"texture":"#0"},"west":{"uv":[6.75,5.5,8.5,6],"texture":"#0"},"up":{"uv":[0,1.75,0,0],"texture":"#0"},"down":{"uv":[0,0,0,1.75],"texture":"#0"}}},{"from":[9.25,4.25,5.75],"to":[13.25,8.25,12.25],"rotation":{"angle":0,"axis":"y","origin":[8.5,13.5,7.5]},"faces":{"north":{"uv":[6.75,5.25,5.75,6.25],"texture":"#0"},"east":{"uv":[6.875,0,5.25,1],"texture":"#0"},"south":{"uv":[6.75,6.25,5.75,7.25],"texture":"#0"},"west":{"uv":[6.375,4.25,4.75,5.25],"texture":"#0"},"up":{"uv":[4.75,6.875,5.75,5.25],"texture":"#0"},"down":{"uv":[0,5.5,1,7.125],"texture":"#0"}}},{"from":[9.75,2.25,6.75],"to":[12.75,4.25,10.25],"rotation":{"angle":0,"axis":"y","origin":[8.5,13.5,7.5]},"faces":{"north":{"uv":[8.5,0.5,7.75,1],"texture":"#0"},"east":{"uv":[8.625,0,7.75,0.5],"texture":"#0"},"south":{"uv":[8.5,1,7.75,1.5],"texture":"#0"},"west":{"uv":[7.875,7.5,7,8],"texture":"#0"},"up":{"uv":[7,0.875,7.75,0],"texture":"#0"},"down":{"uv":[5,7,5.75,7.875],"texture":"#0"}}},{"from":[11.5,10.25,3.05],"to":[13.2,12.25,8.25],"rotation":{"angle":-22.5,"axis":"x","origin":[8.5,13.5,7.5]},"faces":{"north":{"uv":[5.625,1,5.25,1.5],"texture":"#0"},"east":{"uv":[8.5,3,7.25,3.5],"texture":"#0"},"south":{"uv":[1.875,8,1.5,8.5],"texture":"#0"},"west":{"uv":[8.5,2.5,7.25,3],"texture":"#0"},"up":{"uv":[4.25,6.75,4.625,5.5],"texture":"#0"},"down":{"uv":[6.5,7.5,6.875,8.75],"texture":"#0"}}},{"from":[10.25,11.25,6.75],"to":[13.25,14.25,11.25],"rotation":{"angle":0,"axis":"y","origin":[8.5,13.5,7.5]},"faces":{"north":{"uv":[4,7.25,3.25,8],"texture":"#0"},"east":{"uv":[7.875,6.75,6.75,7.5],"texture":"#0"},"south":{"uv":[8,3.5,7.25,4.25],"texture":"#0"},"west":{"uv":[7.875,6,6.75,6.75],"texture":"#0"},"up":{"uv":[2.5,7.875,3.25,6.75],"texture":"#0"},"down":{"uv":[4.25,7,5,8.125],"texture":"#0"}}},{"from":[10.25,10.7,6.75],"to":[15.25,10.7,11.25],"rotation":{"angle":45,"axis":"z","origin":[8.5,13.5,7.5]},"faces":{"north":{"uv":[1.25,0,0,0],"texture":"#0"},"east":{"uv":[1.125,0,0,0],"texture":"#0"},"south":{"uv":[1.25,0,0,0],"texture":"#0"},"west":{"uv":[1.125,0,0,0],"texture":"#0"},"up":{"uv":[1,6.625,2.25,5.5],"texture":"#0"},"down":{"uv":[2.25,5.5,3.5,6.625],"texture":"#0"}}},{"from":[9,16,0.75],"to":[9,18,7.75],"rotation":{"angle":22.5,"axis":"x","origin":[8.5,13.5,7.5]},"faces":{"north":{"uv":[0,0,0,0.5],"texture":"#0"},"east":{"uv":[8.5,5.5,6.75,6],"texture":"#0"},"south":{"uv":[0,0,0,0.5],"texture":"#0"},"west":{"uv":[8.5,5,6.75,5.5],"texture":"#0"},"up":{"uv":[0,1.75,0,0],"texture":"#0"},"down":{"uv":[0,0,0,1.75],"texture":"#0"}}}],"display":{"thirdperson_righthand":{"rotation":[90,-90,0],"translation":[-6,-14.25,13.5],"scale":[2.2,2.2,2.2]},"fixed":{"translation":[0.25,7,0],"scale":[2,2,2]}}}