{"credit":"MadewithBlockbench","texture_size":[32,32],"textures":{"0":"blocks/wealth/dragon","1":"blocks/wealth/horns","2":"blocks/wealth/pawsandtail","3":"blocks/wealth/wings","4":"blocks/wealth/texture","particle":"blocks/wealth/dragon"},"elements":[{"name":"Head","from":[-0.52768,8.0567,2.897],"to":[9.67832,18.2627,13.103],"rotation":{"angle":0,"axis":"y","origin":[26.68832,35.2727,30.113]},"faces":{"north":{"uv":[3.5,0,7,3.5],"texture":"#0"},"east":{"uv":[12,0,15.5,3.5],"texture":"#0"},"south":{"uv":[7,0,10.5,3.5],"texture":"#0"},"west":{"uv":[0,0,3.5,3.5],"texture":"#0"},"up":{"uv":[0,3.5,3.5,7],"texture":"#0"},"down":{"uv":[12.5,4,16,7.5],"texture":"#0"}}},{"name":"Body","from":[12.05972,6.5258,3.7475],"to":[19.71422,20.9843,12.2525],"rotation":{"angle":22.5,"axis":"z","origin":[38.42522,-6.2317,30.113]},"faces":{"north":{"uv":[0,11.5,5,14.5],"rotation":270,"texture":"#0"},"east":{"uv":[5,11.5,10,14.5],"rotation":90,"texture":"#0"},"south":{"uv":[5,8.5,10,11.5],"rotation":90,"texture":"#0"},"west":{"uv":[0,8.5,5,11.5],"rotation":90,"texture":"#0"},"up":{"uv":[0,8.5,1.5,11.5],"rotation":180,"texture":"#0"},"down":{"uv":[3.5,8.5,6,11.5],"texture":"#0"}}},{"from":[-7.33168,16.81685,8.5103],"to":[-7.33168,27.02285,17.3555],"rotation":{"angle":-22.5,"axis":"y","origin":[19.88432,44.03285,34.3655]},"faces":{"north":{"uv":[0,0,0,1.5],"texture":"#1"},"east":{"uv":[3,6,6,9.505],"texture":"#1"},"south":{"uv":[0,0,0,1.5],"texture":"#1"},"west":{"uv":[0.5,6,3.5,9.505],"texture":"#1"},"up":{"uv":[0,0,0,1.5],"texture":"#1"},"down":{"uv":[0,0,0,1.5],"texture":"#1"}}},{"from":[-7.33168,16.81685,-1.3555],"to":[-7.33168,27.02285,7.4897],"rotation":{"angle":22.5,"axis":"y","origin":[19.88432,44.03285,-18.3655]},"faces":{"north":{"uv":[0,0,0,1.5],"texture":"#1"},"east":{"uv":[0.5,6,3.5,9.505],"texture":"#1"},"south":{"uv":[0,0,0,1.5],"texture":"#1"},"west":{"uv":[3.5,6,0.5,9.5005],"texture":"#1"},"up":{"uv":[0,1.5,0,0],"texture":"#1"},"down":{"uv":[0,1.5,0,0],"texture":"#1"}}},{"from":[19.88432,-15.7573,4.598],"to":[25.83782,-8.9533,11.402],"rotation":{"angle":-22.5,"axis":"z","origin":[47.10032,11.4587,31.814]},"faces":{"north":{"uv":[0.5,0,2.5,2.5],"texture":"#2"},"east":{"uv":[3,0,5,2.5],"rotation":90,"texture":"#2"},"south":{"uv":[0,0,2,2.5],"texture":"#2"},"west":{"uv":[0,0,1,1],"texture":"#2"},"up":{"uv":[3.5,0,5.5,2.5],"texture":"#2"},"down":{"uv":[3,0,5,2.5],"texture":"#2"}}},{"from":[17.16272,-5.2111,5.4485],"to":[22.26572,-0.1081,10.5515],"rotation":{"angle":0,"axis":"y","origin":[42.67772,21.1544,31.814]},"faces":{"north":{"uv":[1,0,2,1],"texture":"#2"},"east":{"uv":[0,0,1,0.5],"texture":"#2"},"south":{"uv":[0.5,0,1.5,1],"texture":"#2"},"west":{"uv":[0,0,0.75,0.75],"texture":"#2"},"up":{"uv":[0,0,2,1],"texture":"#2"},"down":{"uv":[3,0,5.5,2.5],"texture":"#2"}}},{"from":[10.35872,3.2939,6.299],"to":[13.76072,6.6959,9.701],"rotation":{"angle":22.5,"axis":"z","origin":[35.87372,28.8089,31.814]},"faces":{"north":{"uv":[0,0,0.5,0.5],"texture":"#2"},"east":{"uv":[0,0,0.5,0.5],"texture":"#2"},"south":{"uv":[0,0,0.5,0.5],"texture":"#2"},"west":{"uv":[0,0,0.5,0.5],"texture":"#2"},"up":{"uv":[0,0,0.5,0.5],"texture":"#2"},"down":{"uv":[0,0,0.5,0.5],"texture":"#2"}}},{"from":[-9.20278,7.3763,12.2525],"to":[-1.54828,10.7783,15.6545],"rotation":{"angle":22.5,"axis":"z","origin":[9.50822,34.5923,32.6645]},"faces":{"north":{"uv":[0,4.5,2.5,5.5],"texture":"#2"},"east":{"uv":[0,0,0.5,0.5],"texture":"#2"},"south":{"uv":[0,3.5,2.5,4.5],"texture":"#2"},"west":{"uv":[0,3.5,0.5,4.5],"texture":"#2"},"up":{"uv":[2.5,3.5,5,4.5],"texture":"#2"},"down":{"uv":[2.5,4.5,5,5.5],"texture":"#2"}}},{"from":[-9.20278,7.3763,0.3455],"to":[-1.54828,10.7783,3.7475],"rotation":{"angle":22.5,"axis":"z","origin":[9.50822,34.5923,20.7575]},"faces":{"north":{"uv":[0,4.5,2.5,5.5],"texture":"#2"},"east":{"uv":[0,0,0.5,0.5],"texture":"#2"},"south":{"uv":[0,3.5,2.5,4.5],"texture":"#2"},"west":{"uv":[0,3.5,0.5,4.5],"texture":"#2"},"up":{"uv":[2.5,3.5,5,4.5],"texture":"#2"},"down":{"uv":[2.5,4.5,5,5.5],"texture":"#2"}}},{"from":[8.82782,-4.10545,12.2525],"to":[15.63182,2.69855,15.6545],"rotation":{"angle":0,"axis":"y","origin":[32.64182,23.11055,42.02]},"faces":{"north":{"uv":[0,0,2.5,2.5],"texture":"#2"},"east":{"uv":[0,0,1.5,2.5],"texture":"#2"},"south":{"uv":[0,0,2.5,2.5],"texture":"#2"},"west":{"uv":[1,0,2.5,2.5],"texture":"#2"},"up":{"uv":[0,0,1,0.5],"texture":"#2"},"down":{"uv":[0,1,2.5,2.5],"rotation":180,"texture":"#2"}}},{"from":[-5.29048,-0.36325,12.2525],"to":[0.66302,1.763,15.6545],"rotation":{"angle":22.5,"axis":"z","origin":[18.52352,26.85275,42.02]},"faces":{"north":{"uv":[0,8.5,2.5,9.5],"texture":"#2"},"east":{"uv":[0,9.5,1.5,10.5],"texture":"#2"},"south":{"uv":[1.5,7.5,4,8.5],"texture":"#2"},"west":{"uv":[0,7.5,1.5,8.5],"texture":"#2"},"up":{"uv":[0,13,2.5,14.5],"texture":"#2"},"down":{"uv":[0,14.5,2.5,16],"texture":"#2"}}},{"from":[8.82782,-4.10545,0.3455],"to":[15.63182,2.69855,3.7475],"rotation":{"angle":0,"axis":"y","origin":[32.64182,23.11055,30.113]},"faces":{"north":{"uv":[0,0,2.5,2.5],"texture":"#2"},"east":{"uv":[1,0,2.5,2.5],"texture":"#2"},"south":{"uv":[0,0,2.5,2.5],"texture":"#2"},"west":{"uv":[0,0,1.5,2.5],"texture":"#2"},"up":{"uv":[0,0,1,0.5],"texture":"#2"},"down":{"uv":[0,1,2.5,2.5],"texture":"#2"}}},{"from":[-5.29048,-0.36325,0.3455],"to":[0.66302,1.763,3.7475],"rotation":{"angle":22.5,"axis":"z","origin":[18.52352,26.85275,30.113]},"faces":{"north":{"uv":[0,8.5,2.5,9.5],"texture":"#2"},"east":{"uv":[0,9.5,1.5,10.5],"texture":"#2"},"south":{"uv":[1.5,7.5,4,8.5],"texture":"#2"},"west":{"uv":[0,7.5,1.5,8.5],"texture":"#2"},"up":{"uv":[0,13,2.5,14.5],"texture":"#2"},"down":{"uv":[0,14.5,2.5,16],"texture":"#2"}}},{"from":[18.86372,16.7318,10.5515],"to":[31.62122,24.3863,10.5515],"rotation":{"angle":22.5,"axis":"z","origin":[45.22922,-2.8297,28.412]},"faces":{"north":{"uv":[0.5,0.5,3,4.5],"rotation":270,"texture":"#3"},"east":{"uv":[0,0,1.125,0],"rotation":90,"texture":"#3"},"south":{"uv":[0.5,5,3,9],"rotation":270,"texture":"#3"},"west":{"uv":[0,0,1.125,0],"rotation":90,"texture":"#3"},"up":{"uv":[0,0,0,1.875],"rotation":90,"texture":"#3"},"down":{"uv":[0,0,0,1.875],"rotation":90,"texture":"#3"}}},{"from":[18.86372,16.7318,5.4485],"to":[31.62122,24.3863,5.4485],"rotation":{"angle":22.5,"axis":"z","origin":[45.22922,-2.8297,23.309]},"faces":{"north":{"uv":[0.5,0.5,3,4.5],"rotation":270,"texture":"#3"},"east":{"uv":[0,0,1.125,0],"rotation":90,"texture":"#3"},"south":{"uv":[0.5,5,3,9],"rotation":270,"texture":"#3"},"west":{"uv":[0,0,1.125,0],"rotation":90,"texture":"#3"},"up":{"uv":[0,0,0,1.875],"rotation":90,"texture":"#3"},"down":{"uv":[0,0,0,1.875],"rotation":90,"texture":"#3"}}},{"from":[9,-16,-16],"to":[9,32,32],"faces":{"north":{"uv":[0,0,0,16],"texture":"#4"},"east":{"uv":[5.5,5,15.5,15],"texture":"#4"},"south":{"uv":[0,0,0,16],"texture":"#4"},"west":{"uv":[5.5,5,15.5,15],"texture":"#4"},"up":{"uv":[0,0,0,16],"texture":"#4"},"down":{"uv":[0,0,0,16],"texture":"#4"}}}],"display":{"thirdperson_righthand":{"rotation":[67,-90,0],"translation":[-6,-10.25,30.75]},"firstperson_righthand":{"translation":[3.5,5,0]},"firstperson_lefthand":{"rotation":[0,-180,0],"translation":[3.25,6,0.75]},"ground":{"translation":[0,5,0]},"gui":{"rotation":[18,144,0],"translation":[0.25,0.5,0],"scale":[0.5,0.5,0.5]},"fixed":{"translation":[2,8.25,0],"scale":[2,2,2]}},"groups":[0,1,{"name":"Horns","origin":[9.5,14.575,0.25],"children":[2,3]},{"name":"Tail","origin":[14.2,10.1,15],"children":[4,5,6]},{"name":"Paws","origin":[12.5,7.925,14.5],"children":[7,8,9,10,11,12]},{"name":"Wings","origin":[16.95,0.8,12.5],"children":[13,14]},15]}