{"credit":"MadewithBlockbench","texture_size":[64,64],"textures":{"0":"blocks/haxorus/texture","particle":"blocks/haxorus/texture"},"elements":[{"from":[6,16,6],"to":[10,20,12],"rotation":{"angle":0,"axis":"y","origin":[6,16,6]},"faces":{"north":{"uv":[4.5,2.75,5.5,3.75],"texture":"#0"},"east":{"uv":[10.75,1.25,12.25,2.25],"texture":"#0"},"south":{"uv":[6.25,11.25,7.25,12.25],"texture":"#0"},"west":{"uv":[10.75,2.25,12.25,3.25],"texture":"#0"},"up":{"uv":[11.75,4.75,10.75,3.25],"texture":"#0"},"down":{"uv":[11.75,4.75,10.75,6.25],"texture":"#0"}}},{"from":[6.1,9,7],"to":[9.925,16,12],"rotation":{"angle":-22.5,"axis":"x","origin":[6,16,6]},"faces":{"north":{"uv":[7.25,9.75,8.25,11.5],"texture":"#0"},"east":{"uv":[8.75,4,10,5.75],"texture":"#0"},"south":{"uv":[9.75,7.5,10.75,9.25],"texture":"#0"},"west":{"uv":[8.75,5.75,10,7.5],"texture":"#0"},"up":{"uv":[11.75,8.75,10.75,7.5],"texture":"#0"},"down":{"uv":[4,11.25,3,12.5],"texture":"#0"}}},{"from":[5,2.82894,8.22206],"to":[11,12.82894,15.22206],"rotation":{"angle":0,"axis":"z","origin":[6,11.82894,8.22206]},"faces":{"north":{"uv":[4,6.75,5.5,9.25],"texture":"#0"},"east":{"uv":[5.5,5.5,7.25,8],"texture":"#0"},"south":{"uv":[7.25,5.5,8.75,8],"texture":"#0"},"west":{"uv":[0,6.75,1.75,9.25],"texture":"#0"},"up":{"uv":[8.75,9.75,7.25,8],"texture":"#0"},"down":{"uv":[3.25,8.75,1.75,10.5],"texture":"#0"}}},{"from":[5.5,2.82894,15.22206],"to":[10.5,7.82894,20.22206],"rotation":{"angle":0,"axis":"z","origin":[6,11.82894,8.22206]},"faces":{"north":{"uv":[5.25,10,6.5,11.25],"texture":"#0"},"east":{"uv":[10,6.25,11.25,7.5],"texture":"#0"},"south":{"uv":[10.25,0,11.5,1.25],"texture":"#0"},"west":{"uv":[10.25,9.25,11.5,10.5],"texture":"#0"},"up":{"uv":[3,11.75,1.75,10.5],"texture":"#0"},"down":{"uv":[11.5,10.5,10.25,11.75],"texture":"#0"}}},{"from":[8.25,2.82894,16.22206],"to":[8.25,17.82894,25.22206],"rotation":{"angle":0,"axis":"z","origin":[6,11.82894,8.22206]},"faces":{"north":{"uv":[0,0,0,3.75],"texture":"#0"},"east":{"uv":[0,0,2.25,3.75],"texture":"#0"},"south":{"uv":[0,0,0,3.75],"texture":"#0"},"west":{"uv":[2.25,0,4.5,3.75],"texture":"#0"},"up":{"uv":[0,2.25,0,0],"texture":"#0"},"down":{"uv":[0,0,0,2.25],"texture":"#0"}}},{"from":[3,-0.17106,7.47206],"to":[6.95,7.82894,15.72206],"rotation":{"angle":0,"axis":"z","origin":[6,11.82894,8.22206]},"faces":{"north":{"uv":[9.25,0,10.25,2],"texture":"#0"},"east":{"uv":[1.75,6.75,3.875,8.75],"texture":"#0"},"south":{"uv":[3.25,9.25,4.25,11.25],"texture":"#0"},"west":{"uv":[7,0,9.125,2],"texture":"#0"},"up":{"uv":[9.75,9.625,8.75,7.5],"texture":"#0"},"down":{"uv":[1,9.25,0,11.375],"texture":"#0"}}},{"from":[3,8.82894,2.47206],"to":[6,10.82894,10.72206],"rotation":{"angle":-22.5,"axis":"x","origin":[6,11.82894,8.22206]},"faces":{"north":{"uv":[7,2,7.75,2.5],"texture":"#0"},"east":{"uv":[10.75,8.75,12.875,9.25],"texture":"#0"},"south":{"uv":[8,4,8.75,4.5],"texture":"#0"},"west":{"uv":[4,11.25,6.125,11.75],"texture":"#0"},"up":{"uv":[1.75,11.375,1,9.25],"texture":"#0"},"down":{"uv":[10.75,4,10,6.125],"texture":"#0"}}},{"from":[3.25,-5.17106,8.47206],"to":[7,2.82894,12.72206],"rotation":{"angle":0,"axis":"x","origin":[6,11.82894,8.22206]},"faces":{"north":{"uv":[4.25,9.25,5.25,11.25],"texture":"#0"},"east":{"uv":[8,2,9.625,4],"texture":"#0"},"south":{"uv":[9.75,2,10.75,4],"texture":"#0"},"west":{"uv":[5.5,8,7.125,10],"texture":"#0"},"up":{"uv":[9.25,11.375,8.25,9.75],"texture":"#0"},"down":{"uv":[10.25,9.75,9.25,11.375],"texture":"#0"}}},{"from":[-0.75,-3.17106,-5.52794],"to":[9,-3.17106,4.97206],"rotation":{"angle":-22.5,"axis":"x","origin":[6,11.82894,8.22206]},"faces":{"north":{"uv":[0,0,2.5,0],"texture":"#0"},"east":{"uv":[0,0,2.625,0],"texture":"#0"},"south":{"uv":[0,0,2.5,0],"texture":"#0"},"west":{"uv":[0,0,2.625,0],"texture":"#0"},"up":{"uv":[7,2.625,4.5,0],"texture":"#0"},"down":{"uv":[8,2.75,5.5,5.375],"texture":"#0"}}},{"from":[10,8.82894,2.47206],"to":[13,10.82894,10.72206],"rotation":{"angle":-22.5,"axis":"x","origin":[10,11.82894,8.22206]},"faces":{"north":{"uv":[7.75,2,7,2.5],"texture":"#0"},"east":{"uv":[6.125,11.25,4,11.75],"texture":"#0"},"south":{"uv":[8.75,4,8,4.5],"texture":"#0"},"west":{"uv":[12.875,8.75,10.75,9.25],"texture":"#0"},"up":{"uv":[1,11.375,1.75,9.25],"texture":"#0"},"down":{"uv":[10,4,10.75,6.125],"texture":"#0"}}},{"from":[9.05,-0.17106,7.47206],"to":[13,7.82894,15.72206],"rotation":{"angle":0,"axis":"z","origin":[10,11.82894,8.22206]},"faces":{"north":{"uv":[10.25,0,9.25,2],"texture":"#0"},"east":{"uv":[9.125,0,7,2],"texture":"#0"},"south":{"uv":[4.25,9.25,3.25,11.25],"texture":"#0"},"west":{"uv":[3.875,6.75,1.75,8.75],"texture":"#0"},"up":{"uv":[8.75,9.625,9.75,7.5],"texture":"#0"},"down":{"uv":[0,9.25,1,11.375],"texture":"#0"}}},{"from":[9,-5.17106,8.47206],"to":[12.75,2.82894,12.72206],"rotation":{"angle":0,"axis":"x","origin":[10,11.82894,8.22206]},"faces":{"north":{"uv":[5.25,9.25,4.25,11.25],"texture":"#0"},"east":{"uv":[7.125,8,5.5,10],"texture":"#0"},"south":{"uv":[10.75,2,9.75,4],"texture":"#0"},"west":{"uv":[9.625,2,8,4],"texture":"#0"},"up":{"uv":[8.25,11.375,9.25,9.75],"texture":"#0"},"down":{"uv":[9.25,9.75,10.25,11.375],"texture":"#0"}}},{"from":[7,-3.17106,-5.52794],"to":[16.75,-3.17106,4.97206],"rotation":{"angle":-22.5,"axis":"x","origin":[10,11.82894,8.22206]},"faces":{"north":{"uv":[2.5,0,0,0],"texture":"#0"},"east":{"uv":[2.625,0,0,0],"texture":"#0"},"south":{"uv":[2.5,0,0,0],"texture":"#0"},"west":{"uv":[2.625,0,0,0],"texture":"#0"},"up":{"uv":[4.5,2.625,7,0],"texture":"#0"},"down":{"uv":[5.5,2.75,8,5.375],"texture":"#0"}}},{"from":[2.5,16,6],"to":[13.5,16,18],"rotation":{"angle":-22.5,"axis":"x","origin":[6,16,6]},"faces":{"north":{"uv":[0,0,2.75,0],"texture":"#0"},"east":{"uv":[0,0,3,0],"texture":"#0"},"south":{"uv":[0,0,2.75,0],"texture":"#0"},"west":{"uv":[0,0,3,0],"texture":"#0"},"up":{"uv":[2.75,6.75,0,3.75],"texture":"#0"},"down":{"uv":[5.5,3.75,2.75,6.75],"texture":"#0"}}}],"display":{"thirdperson_righthand":{"rotation":[90,-90,0],"translation":[-6,-14.25,13.5],"scale":[2.2,2.2,2.2]},"fixed":{"translation":[0.25,7,0],"scale":[2,2,2]}}}