{"credit":"MadewithBlockbench","texture_size":[32,32],"textures":{"1":"blocks/chest/wood","2":"blocks/chest/coin","particle":"blocks/chest/gems"},"elements":[{"from":[-4.83558,-14.9171,-0.21121],"to":[20.64358,-3.33566,16.0028],"rotation":{"angle":0,"axis":"y","origin":[16.01101,3.6132,-2.5275]},"faces":{"north":{"uv":[7,3,0,6],"texture":"#1"},"east":{"uv":[4.5,9,0,12],"texture":"#1"},"south":{"uv":[7,0,0,3],"texture":"#1"},"west":{"uv":[4.5,6,0,9],"texture":"#1"},"up":{"uv":[0,3.5,5.5,0],"texture":"#1"},"down":{"uv":[0,3.5,5.5,0],"texture":"#1"}}},{"from":[-5.41466,-15.49617,-0.79029],"to":[21.22266,-12.60081,16.58187],"rotation":{"angle":0,"axis":"y","origin":[17.16915,3.6132,-1.36936]},"faces":{"north":{"uv":[0,3.5,0.5,0],"rotation":90,"texture":"#1"},"east":{"uv":[0,3.5,0.5,0],"rotation":90,"texture":"#1"},"south":{"uv":[0,3.5,0.5,0],"rotation":90,"texture":"#1"},"west":{"uv":[0,3.5,0.5,0],"rotation":90,"texture":"#1"},"up":{"uv":[8.5,4,16,0],"texture":"#1"},"down":{"uv":[8.5,4,16,0],"texture":"#1"}}},{"from":[-5.41466,-4.49381,-0.79029],"to":[21.22266,-1.59845,16.58187],"rotation":{"angle":0,"axis":"y","origin":[17.16915,14.0365,-1.36936]},"faces":{"north":{"uv":[0,3.5,0.5,0],"rotation":90,"texture":"#1"},"east":{"uv":[0,3.5,0.5,0],"rotation":90,"texture":"#1"},"south":{"uv":[0,3.5,0.495,0],"rotation":90,"texture":"#1"},"west":{"uv":[0,3.5,0.5,0],"rotation":90,"texture":"#1"},"up":{"uv":[8.5,9,16,5],"texture":"#1"},"down":{"uv":[8.5,4,16,0],"texture":"#1"}}},{"from":[-5.18303,5.07362,0.05121],"to":[20.99103,10.86434,2.94657],"rotation":{"angle":22.5,"axis":"x","origin":[17.16915,4.49454,-15.58374]},"faces":{"north":{"uv":[16,0,8.5,4],"texture":"#1"},"east":{"uv":[0.5,2,0,3],"texture":"#1"},"south":{"uv":[15,13.5,9,14.5],"rotation":180,"texture":"#1"},"west":{"uv":[0.5,2,0,3],"texture":"#1"},"up":{"uv":[0,0.625,5.65,0],"rotation":180,"texture":"#1"},"down":{"uv":[0,1,0.5,0.5],"texture":"#1"}}},{"from":[-5.41466,15.04234,5.46858],"to":[21.22266,22.57028,8.36394],"rotation":{"angle":45,"axis":"x","origin":[17.16915,15.04234,-10.16636]},"faces":{"north":{"uv":[16,0,8.5,4],"texture":"#1"},"east":{"uv":[0.5,0.5,0,1.5],"texture":"#1"},"south":{"uv":[15,13.5,9,14.5],"rotation":180,"texture":"#1"},"west":{"uv":[0.5,0.5,0,1.5],"texture":"#1"},"up":{"uv":[0,0.5,0.5,0],"rotation":180,"texture":"#1"},"down":{"uv":[0.5,1,0,1.5],"rotation":90,"texture":"#1"}}},{"from":[-4.60396,-6.04457,1.09354],"to":[20.41196,0.49895,3.9889],"rotation":{"angle":-22.5,"axis":"x","origin":[17.16915,-6.62364,-14.54141]},"faces":{"north":{"uv":[7,3.5,0,5.5],"texture":"#1"},"east":{"uv":[1,4,0,6],"texture":"#1"},"south":{"uv":[7,3.5,0,5.5],"rotation":180,"texture":"#1"},"west":{"uv":[1,3.5,0,5.5],"rotation":180,"texture":"#1"},"up":{"uv":[0,3.5,7,3],"rotation":180,"texture":"#1"},"down":{"uv":[0,3.5,7,3],"texture":"#1"}}},{"from":[-4.60396,-1.86819,-14.9],"to":[20.41196,3.92253,-4.42382],"rotation":{"angle":-45,"axis":"x","origin":[17.16915,19.55748,-11.37268]},"faces":{"north":{"uv":[7,2,0,3.5],"texture":"#1"},"east":{"uv":[0,6.5,2,3],"rotation":90,"texture":"#1"},"south":{"uv":[5.4,0,0,1.25],"texture":"#1"},"west":{"uv":[0,6.5,2,3],"rotation":90,"texture":"#1"},"up":{"uv":[0,6,7,3],"texture":"#1"},"down":{"uv":[0,2.275,5.4,0],"texture":"#1"}}},{"from":[-4.60396,9.47089,-2.98404],"to":[20.41196,12.36625,3.44366],"rotation":{"angle":22.5,"axis":"x","origin":[17.16915,-6.16405,3.44366]},"faces":{"north":{"uv":[5.4,0,0,0.625],"rotation":180,"texture":"#1"},"east":{"uv":[0,3,1,1],"rotation":90,"texture":"#1"},"south":{"uv":[5.4,0,0,0.625],"rotation":180,"texture":"#1"},"west":{"uv":[0,5.5,1,3.5],"rotation":90,"texture":"#1"},"up":{"uv":[0,2,7,0],"texture":"#1"},"down":{"uv":[0,1.3875,5.4,0],"texture":"#1"}}},{"from":[-5.18303,5.0506,0.22904],"to":[20.99103,7.94596,5.49859],"rotation":{"angle":-22.5,"axis":"x","origin":[17.16915,23.5809,0.22904]},"faces":{"north":{"uv":[0,3.5,0.5,0],"rotation":90,"texture":"#1"},"east":{"uv":[0,0.5,0.5,0],"rotation":90,"texture":"#1"},"south":{"uv":[0,3.5,0.5,0],"rotation":90,"texture":"#1"},"west":{"uv":[0,0.5,0.5,0],"rotation":90,"texture":"#1"},"up":{"uv":[0.5,0,0,3.5],"rotation":90,"texture":"#1"},"down":{"uv":[9,15,15,14],"texture":"#1"}}},{"from":[0.03088,-1.59845,12.62553],"to":[4.66345,-0.4403,17.2581],"rotation":{"angle":-22.5,"axis":"y","origin":[18.56118,16.93186,-1.2722]},"faces":{"north":{"uv":[5,0,4,0],"texture":"#2"},"east":{"uv":[8,0,1,1],"texture":"#2"},"south":{"uv":[3,0,2,0],"texture":"#2"},"west":{"uv":[3,0,2,0],"texture":"#2"},"up":{"uv":[0,8,8,0],"texture":"#2"},"down":{"uv":[0,8,8,0],"texture":"#2"}}},{"from":[-0.43238,-1.59845,8.91947],"to":[4.2002,-0.4403,13.55204],"rotation":{"angle":0,"axis":"y","origin":[18.09792,16.93186,-4.97826]},"faces":{"north":{"uv":[5,0,4,0],"texture":"#2"},"east":{"uv":[8,0,1,1],"texture":"#2"},"south":{"uv":[3,0,2,0],"texture":"#2"},"west":{"uv":[3,0,2,0],"texture":"#2"},"up":{"uv":[0,8,8,0],"texture":"#2"},"down":{"uv":[0,8,8,0],"texture":"#2"}}},{"from":[-0.67515,-0.4403,5.44132],"to":[3.95743,0.71784,10.0739],"rotation":{"angle":0,"axis":"y","origin":[24.81516,18.09,-6.13641]},"faces":{"north":{"uv":[5,0,4,0],"texture":"#2"},"east":{"uv":[8,0,1,1],"texture":"#2"},"south":{"uv":[3,0,2,0],"texture":"#2"},"west":{"uv":[3,0,2,0],"texture":"#2"},"up":{"uv":[0,8,8,0],"texture":"#2"},"down":{"uv":[0,8,8,0],"texture":"#2"}}},{"from":[8.83277,-1.59845,4.75015],"to":[13.46535,-0.4403,9.38272],"rotation":{"angle":0,"axis":"y","origin":[27.36308,16.93186,-9.14758]},"faces":{"north":{"uv":[13,8,12,9],"texture":"#2"},"east":{"uv":[16,8,9,9],"texture":"#2"},"south":{"uv":[13,8,12,9],"texture":"#2"},"west":{"uv":[13,8,12,9],"texture":"#2"},"up":{"uv":[8,16,16,8],"texture":"#2"},"down":{"uv":[8,16,16,8],"texture":"#2"}}},{"from":[19.71932,-0.4403,1.73897],"to":[24.3519,0.71784,6.37155],"rotation":{"angle":-22.5,"axis":"y","origin":[5.8216,18.09,-12.15875]},"faces":{"north":{"uv":[8,0,1,1],"texture":"#2"},"east":{"uv":[3,0,2,0],"texture":"#2"},"south":{"uv":[3,0,2,0],"texture":"#2"},"west":{"uv":[5,0,4,0],"texture":"#2"},"up":{"uv":[8,0,0,8],"rotation":90,"texture":"#2"},"down":{"uv":[8,0,0,8],"rotation":270,"texture":"#2"}}},{"from":[-1.3589,-1.59845,-2.66197],"to":[3.27368,-0.4403,1.9706],"rotation":{"angle":45,"axis":"y","origin":[17.17141,16.93186,-16.5597]},"faces":{"north":{"uv":[5,0,4,0],"texture":"#2"},"east":{"uv":[8,0,1,1],"texture":"#2"},"south":{"uv":[3,0,2,0],"texture":"#2"},"west":{"uv":[3,0,2,0],"texture":"#2"},"up":{"uv":[0,8,8,0],"texture":"#2"},"down":{"uv":[0,8,8,0],"texture":"#2"}}},{"from":[19.25607,-1.59845,17.95299],"to":[23.88864,-0.4403,22.58557],"rotation":{"angle":-22.5,"axis":"y","origin":[37.78637,16.93186,4.05526]},"faces":{"north":{"uv":[13,8,12,9],"texture":"#2"},"east":{"uv":[16,8,9,9],"texture":"#2"},"south":{"uv":[12,8,11,9],"texture":"#2"},"west":{"uv":[13,8,12,9],"texture":"#2"},"up":{"uv":[8,16,16,8],"texture":"#2"},"down":{"uv":[8,16,16,8],"texture":"#2"}}},{"from":[-10.62405,-1.59845,2.89712],"to":[-5.99147,-0.4403,7.52969],"rotation":{"angle":45,"axis":"y","origin":[7.90626,16.93186,-11.00061]},"faces":{"north":{"uv":[13,8,12,9],"texture":"#2"},"east":{"uv":[16,8,9,9],"texture":"#2"},"south":{"uv":[13,8,12,9],"texture":"#2"},"west":{"uv":[15,8,14,9],"texture":"#2"},"up":{"uv":[8,16,16,8],"texture":"#2"},"down":{"uv":[8,16,16,8],"texture":"#2"}}}],"groups":[{"name":"Bottomchest","origin":[12.2,12.75,12],"children":[0,1,2]},{"name":"Upchest","origin":[12.2,16.87056,11.30993],"children":[3,4,5,6,7,8]},{"name":"Coins","origin":[8.6,14,16.4],"children":[9,10,11,12,13,14,15,16]}]}