{"credit":"MadewithBlockbench","texture_size":[64,64],"textures":{"0":"blocks/rotomwash/texture","particle":"blocks/rotomwash/texture"},"elements":[{"from":[5,1.3,5],"to":[11,7,11],"faces":{"north":{"uv":[5.25,3,6.75,4.375],"texture":"#0"},"east":{"uv":[5.25,4.5,6.75,5.875],"texture":"#0"},"south":{"uv":[3.5,6,5,7.375],"texture":"#0"},"west":{"uv":[5,6,6.5,7.375],"texture":"#0"},"up":{"uv":[6.75,1.5,5.25,0],"texture":"#0"},"down":{"uv":[6.75,1.5,5.25,3],"texture":"#0"}}},{"from":[5.75,5.6,4.5],"to":[7.25,8,5.5],"faces":{"north":{"uv":[7.5,8,7.875,8.625],"texture":"#0"},"east":{"uv":[8.5,2.25,8.75,2.875],"texture":"#0"},"south":{"uv":[8,8,8.375,8.625],"texture":"#0"},"west":{"uv":[2.75,8.5,3,9.125],"texture":"#0"},"up":{"uv":[8.625,1.75,8.25,1.5],"texture":"#0"},"down":{"uv":[8.875,6,8.5,6.25],"texture":"#0"}}},{"from":[8.75,5.6,4.5],"to":[10.25,8,5.5],"faces":{"north":{"uv":[8,6.5,8.375,7.125],"texture":"#0"},"east":{"uv":[5.75,8,6,8.625],"texture":"#0"},"south":{"uv":[8,7.25,8.375,7.875],"texture":"#0"},"west":{"uv":[2,8.5,2.25,9.125],"texture":"#0"},"up":{"uv":[7.125,6,6.75,5.75],"texture":"#0"},"down":{"uv":[7.625,0.75,7.25,1],"texture":"#0"}}},{"from":[7.25,5.6,7.5],"to":[8.75,9,8.8],"faces":{"north":{"uv":[6,7.5,6.375,8.375],"texture":"#0"},"east":{"uv":[7.5,6,7.875,6.875],"texture":"#0"},"south":{"uv":[7.5,7,7.875,7.875],"texture":"#0"},"west":{"uv":[7.75,0,8.125,0.875],"texture":"#0"},"up":{"uv":[5.375,8.875,5,8.5],"texture":"#0"},"down":{"uv":[6.375,8.5,6,8.875],"texture":"#0"}}},{"from":[2,2.25,7.5],"to":[5.4,3.75,8.8],"faces":{"north":{"uv":[2,7.5,2.875,7.875],"texture":"#0"},"east":{"uv":[4,8.5,4.375,8.875],"texture":"#0"},"south":{"uv":[3,7.5,3.875,7.875],"texture":"#0"},"west":{"uv":[4.5,8.5,4.875,8.875],"texture":"#0"},"up":{"uv":[4.875,7.875,4,7.5],"texture":"#0"},"down":{"uv":[5.875,7.5,5,7.875],"texture":"#0"}}},{"from":[6.40416,2.25,6.25908],"to":[9.80416,3.75,7.55908],"rotation":{"angle":-45,"axis":"y","origin":[4.40416,0,-1.24092]},"faces":{"north":{"uv":[7.25,5,8.125,5.375],"texture":"#0"},"east":{"uv":[3,8.5,3.375,8.875],"texture":"#0"},"south":{"uv":[7.25,5.5,8.125,5.875],"texture":"#0"},"west":{"uv":[3.5,8.5,3.875,8.875],"texture":"#0"},"up":{"uv":[0.875,7.875,0,7.5],"texture":"#0"},"down":{"uv":[1.875,7.5,1,7.875],"texture":"#0"}}},{"from":[8.55,5.4,4.3],"to":[10.45,8.2,4.3],"faces":{"north":{"uv":[6.75,2,7.25,2.75],"texture":"#0"},"east":{"uv":[0,0,0,0.75],"texture":"#0"},"south":{"uv":[6.75,2.75,7.25,3.5],"texture":"#0"},"west":{"uv":[0,0,0,0.75],"texture":"#0"},"up":{"uv":[0.5,0,0,0],"texture":"#0"},"down":{"uv":[0.5,0,0,0],"texture":"#0"}}},{"from":[8.55,5.399,4.3],"to":[10.45,5.399,5.7],"rotation":{"angle":0,"axis":"y","origin":[0.2,0.199,0.2]},"faces":{"north":{"uv":[0,0,0.5,0],"texture":"#0"},"east":{"uv":[0,0,0.375,0],"texture":"#0"},"south":{"uv":[0,0,0.5,0],"texture":"#0"},"west":{"uv":[0,0,0.375,0],"texture":"#0"},"up":{"uv":[8.75,0.375,8.25,0],"texture":"#0"},"down":{"uv":[8.75,0.5,8.25,0.875],"texture":"#0"}}},{"from":[8.55,5.4,4.3],"to":[8.55,8.2,5.7],"faces":{"north":{"uv":[0,0,0,0.75],"texture":"#0"},"east":{"uv":[7.75,1,8.125,1.75],"texture":"#0"},"south":{"uv":[0,0,0,0.75],"texture":"#0"},"west":{"uv":[6.5,7.75,6.875,8.5],"texture":"#0"},"up":{"uv":[0,0.375,0,0],"texture":"#0"},"down":{"uv":[0,0,0,0.375],"texture":"#0"}}},{"from":[8.55,8.199,4.3],"to":[10.45,8.199,5.7],"rotation":{"angle":0,"axis":"y","origin":[0.2,0.199,0.2]},"faces":{"north":{"uv":[0,0,0.5,0],"texture":"#0"},"east":{"uv":[0,0,0.375,0],"texture":"#0"},"south":{"uv":[0,0,0.5,0],"texture":"#0"},"west":{"uv":[0,0,0.375,0],"texture":"#0"},"up":{"uv":[8.75,1.375,8.25,1],"texture":"#0"},"down":{"uv":[8.75,3,8.25,3.375],"texture":"#0"}}},{"from":[10.45,5.4,4.3],"to":[10.45,8.2,5.7],"rotation":{"angle":0,"axis":"y","origin":[12.8,0,9.8]},"faces":{"north":{"uv":[0,0,0,0.75],"texture":"#0"},"east":{"uv":[7,7.75,7.375,8.5],"texture":"#0"},"south":{"uv":[0,0,0,0.75],"texture":"#0"},"west":{"uv":[0,8,0.375,8.75],"texture":"#0"},"up":{"uv":[0,0.375,0,0],"texture":"#0"},"down":{"uv":[0,0,0,0.375],"texture":"#0"}}},{"from":[8.55,5.4,5.7],"to":[10.45,8.2,5.7],"rotation":{"angle":0,"axis":"y","origin":[12.8,0,9.8]},"faces":{"north":{"uv":[6.75,3.5,7.25,4.25],"texture":"#0"},"east":{"uv":[0,0,0,0.75],"texture":"#0"},"south":{"uv":[6.75,4.25,7.25,5],"texture":"#0"},"west":{"uv":[0,0,0,0.75],"texture":"#0"},"up":{"uv":[0.5,0,0,0],"texture":"#0"},"down":{"uv":[0.5,0,0,0],"texture":"#0"}}},{"from":[5.55,5.4,4.3],"to":[7.45,8.2,4.3],"faces":{"north":{"uv":[6.75,5,7.25,5.75],"texture":"#0"},"east":{"uv":[0,0,0,0.75],"texture":"#0"},"south":{"uv":[6.5,7,7,7.75],"texture":"#0"},"west":{"uv":[0,0,0,0.75],"texture":"#0"},"up":{"uv":[0.5,0,0,0],"texture":"#0"},"down":{"uv":[0.5,0,0,0],"texture":"#0"}}},{"from":[4.8,1.1,4.8],"to":[11.2,7.2,4.8],"rotation":{"angle":0,"axis":"y","origin":[16,0,0]},"faces":{"north":{"uv":[0,3.5,1.625,5],"texture":"#0"},"east":{"uv":[0,0,0,1.5],"texture":"#0"},"south":{"uv":[3.5,0,5.125,1.5],"texture":"#0"},"west":{"uv":[0,0,0,1.5],"texture":"#0"},"up":{"uv":[1.625,0,0,0],"texture":"#0"},"down":{"uv":[1.625,0,0,0],"texture":"#0"}}},{"from":[4.8,1.1,4.8],"to":[4.8,7.2,11.2],"faces":{"north":{"uv":[0,0,0,1.5],"texture":"#0"},"east":{"uv":[3.5,1.5,5.125,3],"texture":"#0"},"south":{"uv":[0,0,0,1.5],"texture":"#0"},"west":{"uv":[1.75,3.5,3.375,5],"texture":"#0"},"up":{"uv":[0,1.625,0,0],"texture":"#0"},"down":{"uv":[0,0,0,1.625],"texture":"#0"}}},{"from":[4.8,7.199,4.8],"to":[11.2,7.199,11.2],"rotation":{"angle":0,"axis":"x","origin":[16,-4.001,12.3]},"faces":{"north":{"uv":[0,0,1.625,0],"texture":"#0"},"east":{"uv":[0,0,1.625,0],"texture":"#0"},"south":{"uv":[0,0,1.625,0],"texture":"#0"},"west":{"uv":[0,0,1.625,0],"texture":"#0"},"up":{"uv":[1.625,1.625,0,0],"texture":"#0"},"down":{"uv":[1.625,1.75,0,3.375],"texture":"#0"}}},{"from":[7.05,5.6,7.2],"to":[7.05,9.2,9.1],"faces":{"north":{"uv":[0,0,0,0.875],"texture":"#0"},"east":{"uv":[0,6.5,0.5,7.375],"texture":"#0"},"south":{"uv":[0,0,0,0.875],"texture":"#0"},"west":{"uv":[0.5,6.5,1,7.375],"texture":"#0"},"up":{"uv":[0,0.5,0,0],"texture":"#0"},"down":{"uv":[0,0,0,0.5],"texture":"#0"}}},{"from":[7.051,9.199,7.2],"to":[8.951,9.199,9.1],"rotation":{"angle":0,"axis":"y","origin":[0.201,-0.801,0.3]},"faces":{"north":{"uv":[0,0,0.5,0],"texture":"#0"},"east":{"uv":[0,0,0.5,0],"texture":"#0"},"south":{"uv":[0,0,0.5,0],"texture":"#0"},"west":{"uv":[0,0,0.5,0],"texture":"#0"},"up":{"uv":[4.75,8.5,4.25,8],"texture":"#0"},"down":{"uv":[5.25,8,4.75,8.5],"texture":"#0"}}},{"from":[7.051,5.6,7.2],"to":[8.951,9.2,7.2],"rotation":{"angle":0,"axis":"y","origin":[15.851,0,0.45]},"faces":{"north":{"uv":[1,6.5,1.5,7.375],"texture":"#0"},"east":{"uv":[0,0,0,0.875],"texture":"#0"},"south":{"uv":[1.5,6.5,2,7.375],"texture":"#0"},"west":{"uv":[0,0,0,0.875],"texture":"#0"},"up":{"uv":[0.5,0,0,0],"texture":"#0"},"down":{"uv":[0.5,0,0,0],"texture":"#0"}}},{"from":[5.55,8.199,4.3],"to":[7.45,8.199,5.7],"rotation":{"angle":0,"axis":"y","origin":[0.2,0.199,0.2]},"faces":{"north":{"uv":[0,0,0.5,0],"texture":"#0"},"east":{"uv":[0,0,0.375,0],"texture":"#0"},"south":{"uv":[0,0,0.5,0],"texture":"#0"},"west":{"uv":[0,0,0.375,0],"texture":"#0"},"up":{"uv":[8.75,3.875,8.25,3.5],"texture":"#0"},"down":{"uv":[8.75,4,8.25,4.375],"texture":"#0"}}},{"from":[5.55,5.4,4.3],"to":[5.55,8.2,5.7],"faces":{"north":{"uv":[0,0,0,0.75],"texture":"#0"},"east":{"uv":[0.5,8,0.875,8.75],"texture":"#0"},"south":{"uv":[0,0,0,0.75],"texture":"#0"},"west":{"uv":[1,8,1.375,8.75],"texture":"#0"},"up":{"uv":[0,0.375,0,0],"texture":"#0"},"down":{"uv":[0,0,0,0.375],"texture":"#0"}}},{"from":[1.9,3.95,7.3],"to":[4.8,3.95,9],"faces":{"north":{"uv":[0,0,0.75,0],"texture":"#0"},"east":{"uv":[0,0,0.375,0],"texture":"#0"},"south":{"uv":[0,0,0.75,0],"texture":"#0"},"west":{"uv":[0,0,0.375,0],"texture":"#0"},"up":{"uv":[2.25,8.375,1.5,8],"texture":"#0"},"down":{"uv":[8.75,1.75,8,2.125],"texture":"#0"}}},{"from":[2.6,2.05,7.3],"to":[4.8,3.95,7.3],"faces":{"north":{"uv":[5.25,8,5.75,8.5],"texture":"#0"},"east":{"uv":[0,0,0,0.5],"texture":"#0"},"south":{"uv":[8,6,8.5,6.5],"texture":"#0"},"west":{"uv":[0,0,0,0.5],"texture":"#0"},"up":{"uv":[0.5,0,0,0],"texture":"#0"},"down":{"uv":[0.5,0,0,0],"texture":"#0"}}},{"from":[6.20416,3.95,6.05908],"to":[9.90416,3.95,7.75908],"rotation":{"angle":-45,"axis":"y","origin":[4.40416,0,-1.24092]},"faces":{"north":{"uv":[0,0,0.875,0],"texture":"#0"},"east":{"uv":[0,0,0.375,0],"texture":"#0"},"south":{"uv":[0,0,0.875,0],"texture":"#0"},"west":{"uv":[0,0,0.375,0],"texture":"#0"},"up":{"uv":[8.125,3.375,7.25,3],"texture":"#0"},"down":{"uv":[8.125,3.5,7.25,3.875],"texture":"#0"}}},{"from":[6.34558,2.05,6.11766],"to":[6.34558,3.95,7.81766],"rotation":{"angle":-45,"axis":"y","origin":[4.54558,0.2,-1.38234]},"faces":{"north":{"uv":[0,0,0,0.5],"texture":"#0"},"east":{"uv":[8.25,4.5,8.625,5],"texture":"#0"},"south":{"uv":[0,0,0,0.5],"texture":"#0"},"west":{"uv":[8.25,5,8.625,5.5],"texture":"#0"},"up":{"uv":[0,0.375,0,0],"texture":"#0"},"down":{"uv":[0,0,0,0.375],"texture":"#0"}}},{"from":[5.55,5.4,5.7],"to":[7.45,8.2,5.7],"rotation":{"angle":0,"axis":"y","origin":[12.8,0,9.8]},"faces":{"north":{"uv":[7,7,7.5,7.75],"texture":"#0"},"east":{"uv":[0,0,0,0.75],"texture":"#0"},"south":{"uv":[7.25,0,7.75,0.75],"texture":"#0"},"west":{"uv":[0,0,0,0.75],"texture":"#0"},"up":{"uv":[0.5,0,0,0],"texture":"#0"},"down":{"uv":[0.5,0,0,0],"texture":"#0"}}},{"from":[7.051,5.6,9.1],"to":[8.951,9.2,9.1],"rotation":{"angle":0,"axis":"y","origin":[15.851,0,0.45]},"faces":{"north":{"uv":[2,6.5,2.5,7.375],"texture":"#0"},"east":{"uv":[0,0,0,0.875],"texture":"#0"},"south":{"uv":[2.5,6.5,3,7.375],"texture":"#0"},"west":{"uv":[0,0,0,0.875],"texture":"#0"},"up":{"uv":[0.5,0,0,0],"texture":"#0"},"down":{"uv":[0.5,0,0,0],"texture":"#0"}}},{"from":[4.8,1.1,11.2],"to":[11.2,7.2,11.2],"rotation":{"angle":0,"axis":"y","origin":[16,0,0]},"faces":{"north":{"uv":[3.5,3,5.125,4.5],"texture":"#0"},"east":{"uv":[0,0,0,1.5],"texture":"#0"},"south":{"uv":[3.5,4.5,5.125,6],"texture":"#0"},"west":{"uv":[0,0,0,1.5],"texture":"#0"},"up":{"uv":[1.625,0,0,0],"texture":"#0"},"down":{"uv":[1.625,0,0,0],"texture":"#0"}}},{"from":[1.9,2.05,9],"to":[4.8,3.95,9],"faces":{"north":{"uv":[7.25,2,8,2.5],"texture":"#0"},"east":{"uv":[0,0,0,0.5],"texture":"#0"},"south":{"uv":[7.25,2.5,8,3],"texture":"#0"},"west":{"uv":[0,0,0,0.5],"texture":"#0"},"up":{"uv":[0.75,0,0,0],"texture":"#0"},"down":{"uv":[0.75,0,0,0],"texture":"#0"}}},{"from":[6.20416,2.05,7.75908],"to":[9.90416,3.95,7.75908],"rotation":{"angle":-45,"axis":"y","origin":[4.40416,0,-1.24092]},"faces":{"north":{"uv":[6.5,6,7.375,6.5],"texture":"#0"},"east":{"uv":[0,0,0,0.5],"texture":"#0"},"south":{"uv":[6.5,6.5,7.375,7],"texture":"#0"},"west":{"uv":[0,0,0,0.5],"texture":"#0"},"up":{"uv":[0.875,0,0,0],"texture":"#0"},"down":{"uv":[0.875,0,0,0],"texture":"#0"}}},{"from":[7.45,5.4,4.3],"to":[7.45,8.2,5.7],"rotation":{"angle":0,"axis":"y","origin":[12.8,0,9.8]},"faces":{"north":{"uv":[0,0,0,0.75],"texture":"#0"},"east":{"uv":[2.25,8,2.625,8.75],"texture":"#0"},"south":{"uv":[0,0,0,0.75],"texture":"#0"},"west":{"uv":[8,2.25,8.375,3],"texture":"#0"},"up":{"uv":[0,0.375,0,0],"texture":"#0"},"down":{"uv":[0,0,0,0.375],"texture":"#0"}}},{"from":[8.95,5.6,7.2],"to":[8.95,9.2,9.1],"faces":{"north":{"uv":[0,0,0,0.875],"texture":"#0"},"east":{"uv":[3,6.5,3.5,7.375],"texture":"#0"},"south":{"uv":[0,0,0,0.875],"texture":"#0"},"west":{"uv":[6.75,0,7.25,0.875],"texture":"#0"},"up":{"uv":[0,0.5,0,0],"texture":"#0"},"down":{"uv":[0,0,0,0.5],"texture":"#0"}}},{"from":[11.2,1.1,4.8],"to":[11.2,7.2,11.2],"faces":{"north":{"uv":[0,0,0,1.5],"texture":"#0"},"east":{"uv":[0,5,1.625,6.5],"texture":"#0"},"south":{"uv":[0,0,0,1.5],"texture":"#0"},"west":{"uv":[1.75,5,3.375,6.5],"texture":"#0"},"up":{"uv":[0,1.625,0,0],"texture":"#0"},"down":{"uv":[0,0,0,1.625],"texture":"#0"}}},{"from":[5.55,5.399,4.3],"to":[7.45,5.399,5.7],"rotation":{"angle":0,"axis":"y","origin":[0.2,0.199,0.2]},"faces":{"north":{"uv":[0,0,0.5,0],"texture":"#0"},"east":{"uv":[0,0,0.375,0],"texture":"#0"},"south":{"uv":[0,0,0.5,0],"texture":"#0"},"west":{"uv":[0,0,0.375,0],"texture":"#0"},"up":{"uv":[8.75,5.875,8.25,5.5],"texture":"#0"},"down":{"uv":[2,8.5,1.5,8.875],"texture":"#0"}}},{"from":[4.8,1.099,4.8],"to":[11.2,1.099,11.2],"rotation":{"angle":0,"axis":"x","origin":[16,-4.001,12.3]},"faces":{"north":{"uv":[0,0,1.625,0],"texture":"#0"},"east":{"uv":[0,0,1.625,0],"texture":"#0"},"south":{"uv":[0,0,1.625,0],"texture":"#0"},"west":{"uv":[0,0,1.625,0],"texture":"#0"},"up":{"uv":[3.375,1.625,1.75,0],"texture":"#0"},"down":{"uv":[3.375,1.75,1.75,3.375],"texture":"#0"}}},{"from":[6.20416,2.05,6.05908],"to":[9.80416,3.95,6.05908],"rotation":{"angle":-45,"axis":"y","origin":[4.40416,0,-1.24092]},"faces":{"north":{"uv":[6.75,1,7.625,1.5],"texture":"#0"},"east":{"uv":[0,0,0,0.5],"texture":"#0"},"south":{"uv":[6.75,1.5,7.625,2],"texture":"#0"},"west":{"uv":[0,0,0,0.5],"texture":"#0"},"up":{"uv":[0.875,0,0,0],"texture":"#0"},"down":{"uv":[0.875,0,0,0],"texture":"#0"}}},{"from":[1.9,2.05,7.3],"to":[4.8,2.05,9],"faces":{"north":{"uv":[0,0,0.75,0],"texture":"#0"},"east":{"uv":[0,0,0.375,0],"texture":"#0"},"south":{"uv":[0,0,0.75,0],"texture":"#0"},"west":{"uv":[0,0,0.375,0],"texture":"#0"},"up":{"uv":[3.5,8.375,2.75,8],"texture":"#0"},"down":{"uv":[4.25,8,3.5,8.375],"texture":"#0"}}},{"from":[6.20416,2.05,6.05908],"to":[9.90416,2.05,7.75908],"rotation":{"angle":-45,"axis":"y","origin":[4.40416,0,-1.24092]},"faces":{"north":{"uv":[0,0,0.875,0],"texture":"#0"},"east":{"uv":[0,0,0.375,0],"texture":"#0"},"south":{"uv":[0,0,0.875,0],"texture":"#0"},"west":{"uv":[0,0,0.375,0],"texture":"#0"},"up":{"uv":[8.125,4.375,7.25,4],"texture":"#0"},"down":{"uv":[8.125,4.5,7.25,4.875],"texture":"#0"}}}],"display":{"thirdperson_righthand":{"rotation":[90,-90,0],"translation":[-6,-14.25,13.5],"scale":[2.2,2.2,2.2]},"fixed":{"translation":[0.25,7,0],"scale":[2,2,2]}},"groups":[0,1,2,3,4,5,{"name":"group","origin":[4.40416,0,-1.24092],"color":0,"children":[6,7,8,9,10,11,12,13,14,15,16,17,18,19,20,21,22,23,24,25,26,27,28,29,30,31,32,33,34,35,36,37]}]}