{"credit":"MadewithBlockbench","texture_size":[64,64],"textures":{"0":"blocks/abomasnow/texture","particle":"blocks/abomasnow/texture"},"elements":[{"from":[5,16,8],"to":[11,21,12],"faces":{"north":{"uv":[6.5,6.75,8,8],"texture":"#0"},"east":{"uv":[3.5,8.25,4.5,9.5],"texture":"#0"},"south":{"uv":[7,3.75,8.5,5],"texture":"#0"},"west":{"uv":[4.5,8.25,5.5,9.5],"texture":"#0"},"up":{"uv":[9.25,9,7.75,8],"texture":"#0"},"down":{"uv":[1.5,8.25,0,9.25],"texture":"#0"}}},{"from":[4.5,7.25,7.25],"to":[11.5,16,12.75],"faces":{"north":{"uv":[2.25,4.5,4,6.75],"texture":"#0"},"east":{"uv":[4,4.5,5.375,6.75],"texture":"#0"},"south":{"uv":[4.5,2.25,6.25,4.5],"texture":"#0"},"west":{"uv":[5.5,4.5,6.875,6.75],"texture":"#0"},"up":{"uv":[8.5,1.375,6.75,0],"texture":"#0"},"down":{"uv":[3.5,6.75,1.75,8.125],"texture":"#0"}}},{"from":[3.75,4.25,7],"to":[7.5,7.75,13],"faces":{"north":{"uv":[6.5,8,7.625,9.375],"texture":"#0"},"east":{"uv":[3.5,6.75,5,8.125],"texture":"#0"},"south":{"uv":[8,6.5,9.125,7.875],"texture":"#0"},"west":{"uv":[5,6.75,6.5,8.125],"texture":"#0"},"up":{"uv":[8.125,6.5,7,5],"texture":"#0"},"down":{"uv":[9.125,1.5,8,3],"texture":"#0"}}},{"from":[7.75,9.25,8],"to":[10.25,12.5,12],"rotation":{"angle":22.5,"axis":"z","origin":[0,0,0]},"faces":{"north":{"uv":[8.5,4,9.625,4.875],"texture":"#0"},"east":{"uv":[9,9,10,9.875],"texture":"#0"},"south":{"uv":[7.75,9,8.875,9.875],"texture":"#0"},"west":{"uv":[0,9.25,1,10.125],"texture":"#0"},"up":{"uv":[9.625,1,8.5,0],"texture":"#0"},"down":{"uv":[9.625,3,8.5,4],"texture":"#0"}}},{"from":[-0.58407,4.63038,8],"to":[2.66593,10.13038,12],"rotation":{"angle":-22.5,"axis":"z","origin":[11.91593,4.88038,0]},"faces":{"north":{"uv":[8.25,5,9.125,6.375],"texture":"#0"},"east":{"uv":[1.5,8.25,2.5,9.625],"texture":"#0"},"south":{"uv":[5.5,8.25,6.375,9.625],"texture":"#0"},"west":{"uv":[2.5,8.25,3.5,9.625],"texture":"#0"},"up":{"uv":[10.125,2,9.25,1],"texture":"#0"},"down":{"uv":[10.125,2,9.25,3],"texture":"#0"}}},{"from":[-0.58407,2.63038,8],"to":[0.91593,4.63038,9.25],"rotation":{"angle":-22.5,"axis":"z","origin":[11.91593,4.88038,0]},"faces":{"north":{"uv":[6.25,3.75,6.625,4.25],"texture":"#0"},"east":{"uv":[6.75,1.5,7.125,2],"texture":"#0"},"south":{"uv":[7.25,1.5,7.625,2],"texture":"#0"},"west":{"uv":[8,3,8.375,3.5],"texture":"#0"},"up":{"uv":[8.875,1.375,8.5,1],"texture":"#0"},"down":{"uv":[1.375,9.25,1,9.625],"texture":"#0"}}},{"from":[-0.58407,2.63038,10.75],"to":[0.91593,4.63038,12],"rotation":{"angle":-22.5,"axis":"z","origin":[11.91593,4.88038,0]},"faces":{"north":{"uv":[6.25,3.75,6.625,4.25],"texture":"#0"},"east":{"uv":[6.75,1.5,7.125,2],"texture":"#0"},"south":{"uv":[7.25,1.5,7.625,2],"texture":"#0"},"west":{"uv":[8,3,8.375,3.5],"texture":"#0"},"up":{"uv":[8.875,1.375,8.5,1],"texture":"#0"},"down":{"uv":[1.375,9.25,1,9.625],"texture":"#0"}}},{"from":[1.16593,2.63038,9.4],"to":[2.66593,4.63038,10.65],"rotation":{"angle":-22.5,"axis":"z","origin":[11.91593,4.88038,0]},"faces":{"north":{"uv":[6.25,3.75,6.625,4.25],"texture":"#0"},"east":{"uv":[6.75,1.5,7.125,2],"texture":"#0"},"south":{"uv":[7.25,1.5,7.625,2],"texture":"#0"},"west":{"uv":[8,3,8.375,3.5],"texture":"#0"},"up":{"uv":[8.875,1.375,8.5,1],"texture":"#0"},"down":{"uv":[1.375,9.25,1,9.625],"texture":"#0"}}},{"from":[2.25,1.25,4],"to":[8.5,1.25,10],"rotation":{"angle":-22.5,"axis":"x","origin":[0,0,0]},"faces":{"north":{"uv":[0,0,1.625,0],"texture":"#0"},"east":{"uv":[0,0,1.5,0],"texture":"#0"},"south":{"uv":[0,0,1.625,0],"texture":"#0"},"west":{"uv":[0,0,1.5,0],"texture":"#0"},"up":{"uv":[7.875,3.75,6.25,2.25],"texture":"#0"},"down":{"uv":[1.625,6.75,0,8.25],"texture":"#0"}}},{"from":[3.5,13.675,0.575],"to":[12.5,22.425,0.575],"rotation":{"angle":22.5,"axis":"x","origin":[0,0,0]},"faces":{"north":{"uv":[2.25,0,4.5,2.25],"texture":"#0"},"east":{"uv":[0,0,0,2.25],"texture":"#0"},"south":{"uv":[2.25,2.25,4.5,4.5],"texture":"#0"},"west":{"uv":[0,0,0,2.25],"texture":"#0"},"up":{"uv":[2.25,0,0,0],"texture":"#0"},"down":{"uv":[2.25,0,0,0],"texture":"#0"}}},{"from":[-3.5,15.25,10.25],"to":[5.5,24,10.25],"rotation":{"angle":22.5,"axis":"y","origin":[0,0,0]},"faces":{"north":{"uv":[0,4.5,2.25,6.75],"texture":"#0"},"east":{"uv":[0,0,0,2.25],"texture":"#0"},"south":{"uv":[4.5,0,6.75,2.25],"texture":"#0"},"west":{"uv":[0,0,0,2.25],"texture":"#0"},"up":{"uv":[2.25,0,0,0],"texture":"#0"},"down":{"uv":[2.25,0,0,0],"texture":"#0"}}},{"from":[10.5,15.25,10.25],"to":[19.5,24,10.25],"rotation":{"angle":-22.5,"axis":"y","origin":[16,0,0]},"faces":{"north":{"uv":[2.25,4.5,0,6.75],"texture":"#0"},"east":{"uv":[0,0,0,2.25],"texture":"#0"},"south":{"uv":[6.75,0,4.5,2.25],"texture":"#0"},"west":{"uv":[0,0,0,2.25],"texture":"#0"},"up":{"uv":[0,0,2.25,0],"texture":"#0"},"down":{"uv":[0,0,2.25,0],"texture":"#0"}}},{"from":[5.75,9.25,8],"to":[8.25,12.5,12],"rotation":{"angle":-22.5,"axis":"z","origin":[16,0,0]},"faces":{"north":{"uv":[9.625,4,8.5,4.875],"texture":"#0"},"east":{"uv":[1,9.25,0,10.125],"texture":"#0"},"south":{"uv":[8.875,9,7.75,9.875],"texture":"#0"},"west":{"uv":[10,9,9,9.875],"texture":"#0"},"up":{"uv":[8.5,1,9.625,0],"texture":"#0"},"down":{"uv":[8.5,3,9.625,4],"texture":"#0"}}},{"from":[13.33407,4.63038,8],"to":[16.58407,10.13038,12],"rotation":{"angle":22.5,"axis":"z","origin":[4.08407,4.88038,0]},"faces":{"north":{"uv":[9.125,5,8.25,6.375],"texture":"#0"},"east":{"uv":[3.5,8.25,2.5,9.625],"texture":"#0"},"south":{"uv":[6.375,8.25,5.5,9.625],"texture":"#0"},"west":{"uv":[2.5,8.25,1.5,9.625],"texture":"#0"},"up":{"uv":[9.25,2,10.125,1],"texture":"#0"},"down":{"uv":[9.25,2,10.125,3],"texture":"#0"}}},{"from":[15.08407,2.63038,10.75],"to":[16.58407,4.63038,12],"rotation":{"angle":22.5,"axis":"z","origin":[4.08407,4.88038,0]},"faces":{"north":{"uv":[6.625,3.75,6.25,4.25],"texture":"#0"},"east":{"uv":[8.375,3,8,3.5],"texture":"#0"},"south":{"uv":[7.625,1.5,7.25,2],"texture":"#0"},"west":{"uv":[7.125,1.5,6.75,2],"texture":"#0"},"up":{"uv":[8.5,1.375,8.875,1],"texture":"#0"},"down":{"uv":[1,9.25,1.375,9.625],"texture":"#0"}}},{"from":[15.08407,2.63038,8],"to":[16.58407,4.63038,9.25],"rotation":{"angle":22.5,"axis":"z","origin":[4.08407,4.88038,0]},"faces":{"north":{"uv":[6.625,3.75,6.25,4.25],"texture":"#0"},"east":{"uv":[8.375,3,8,3.5],"texture":"#0"},"south":{"uv":[7.625,1.5,7.25,2],"texture":"#0"},"west":{"uv":[7.125,1.5,6.75,2],"texture":"#0"},"up":{"uv":[8.5,1.375,8.875,1],"texture":"#0"},"down":{"uv":[1,9.25,1.375,9.625],"texture":"#0"}}},{"from":[13.33407,2.63038,9.4],"to":[14.83407,4.63038,10.65],"rotation":{"angle":22.5,"axis":"z","origin":[4.08407,4.88038,0]},"faces":{"north":{"uv":[6.625,3.75,6.25,4.25],"texture":"#0"},"east":{"uv":[8.375,3,8,3.5],"texture":"#0"},"south":{"uv":[7.625,1.5,7.25,2],"texture":"#0"},"west":{"uv":[7.125,1.5,6.75,2],"texture":"#0"},"up":{"uv":[8.5,1.375,8.875,1],"texture":"#0"},"down":{"uv":[1,9.25,1.375,9.625],"texture":"#0"}}},{"from":[8.5,4.25,7],"to":[12.25,7.75,13],"rotation":{"angle":0,"axis":"y","origin":[16,0,0]},"faces":{"north":{"uv":[7.625,8,6.5,9.375],"texture":"#0"},"east":{"uv":[6.5,6.75,5,8.125],"texture":"#0"},"south":{"uv":[9.125,6.5,8,7.875],"texture":"#0"},"west":{"uv":[5,6.75,3.5,8.125],"texture":"#0"},"up":{"uv":[7,6.5,8.125,5],"texture":"#0"},"down":{"uv":[8,1.5,9.125,3],"texture":"#0"}}},{"from":[7.5,1.25,4],"to":[13.75,1.25,10],"rotation":{"angle":-22.5,"axis":"x","origin":[16,0,0]},"faces":{"north":{"uv":[1.625,0,0,0],"texture":"#0"},"east":{"uv":[1.5,0,0,0],"texture":"#0"},"south":{"uv":[1.625,0,0,0],"texture":"#0"},"west":{"uv":[1.5,0,0,0],"texture":"#0"},"up":{"uv":[6.25,3.75,7.875,2.25],"texture":"#0"},"down":{"uv":[0,6.75,1.625,8.25],"texture":"#0"}}},{"from":[3.5,9.25,1.25],"to":[12.5,18,1.25],"rotation":{"angle":22.5,"axis":"x","origin":[0,0,0]},"faces":{"north":{"uv":[0,0,2.25,2.25],"texture":"#0"},"east":{"uv":[0,0,0,2.25],"texture":"#0"},"south":{"uv":[0,2.25,2.25,4.5],"texture":"#0"},"west":{"uv":[0,0,0,2.25],"texture":"#0"},"up":{"uv":[2.25,0,0,0],"texture":"#0"},"down":{"uv":[2.25,0,0,0],"texture":"#0"}}},{"from":[3.5,11.75,19.35],"to":[12.5,20.5,19.35],"rotation":{"angle":-22.5,"axis":"x","origin":[0,0,16]},"faces":{"north":{"uv":[4.5,2.25,2.25,4.5],"texture":"#0"},"east":{"uv":[0,0,0,2.25],"texture":"#0"},"south":{"uv":[4.5,0,2.25,2.25],"texture":"#0"},"west":{"uv":[0,0,0,2.25],"texture":"#0"},"up":{"uv":[2.25,0,0,0],"texture":"#0"},"down":{"uv":[2.25,0,0,0],"texture":"#0"}}},{"from":[3.5,7.75,18.35],"to":[12.5,16.5,18.35],"rotation":{"angle":-22.5,"axis":"x","origin":[0,0,16]},"faces":{"north":{"uv":[2.25,2.25,0,4.5],"texture":"#0"},"east":{"uv":[0,0,0,2.25],"texture":"#0"},"south":{"uv":[2.25,0,0,2.25],"texture":"#0"},"west":{"uv":[0,0,0,2.25],"texture":"#0"},"up":{"uv":[2.25,0,0,0],"texture":"#0"},"down":{"uv":[2.25,0,0,0],"texture":"#0"}}}],"display":{"thirdperson_righthand":{"rotation":[90,-90,0],"translation":[-6,-14.25,13.5],"scale":[2.2,2.2,2.2]},"fixed":{"translation":[0.25,7,0],"scale":[2,2,2]}}}