{"credit":"MadewithBlockbench","texture_size":[64,64],"textures":{"0":"blocks/charizard/texture","particle":"blocks/charizard/texture"},"elements":[{"from":[6.2,22.475,8],"to":[7.2,23.475,12],"rotation":{"angle":22.5,"axis":"x","origin":[7.5,17.125,10]},"faces":{"north":{"uv":[9.25,7.75,9.5,8],"texture":"#0"},"east":{"uv":[8.25,7.75,9.25,8],"texture":"#0"},"south":{"uv":[9.5,7.75,9.75,8],"texture":"#0"},"west":{"uv":[8.75,3,9.75,3.25],"texture":"#0"},"up":{"uv":[10.75,3,10.5,2],"texture":"#0"},"down":{"uv":[11,2,10.75,3],"texture":"#0"}}},{"from":[6,20.125,4],"to":[10,23.875,11],"rotation":{"angle":0,"axis":"y","origin":[7.5,17.125,10]},"faces":{"north":{"uv":[6,11.25,7,12.25],"texture":"#0"},"east":{"uv":[6.5,3.25,8.25,4.25],"texture":"#0"},"south":{"uv":[11.25,6,12.25,7],"texture":"#0"},"west":{"uv":[8.75,2,10.5,3],"texture":"#0"},"up":{"uv":[11,9.5,10,7.75],"texture":"#0"},"down":{"uv":[11,9.5,10,11.25],"texture":"#0"}}},{"from":[6.25,13.925,7],"to":[9.75,22.425,11],"rotation":{"angle":-22.5,"axis":"x","origin":[7.5,18.625,10]},"faces":{"north":{"uv":[4,9.5,4.875,11.625],"texture":"#0"},"east":{"uv":[2,9.5,3,11.625],"texture":"#0"},"south":{"uv":[5,9.5,5.875,11.625],"texture":"#0"},"west":{"uv":[3,9.5,4,11.625],"texture":"#0"},"up":{"uv":[12.375,1.5,11.5,0.5],"texture":"#0"},"down":{"uv":[2.875,11.75,2,12.75],"texture":"#0"}}},{"from":[2,1.225,7],"to":[5,8.975,15],"rotation":{"angle":0,"axis":"y","origin":[7.5,18.625,11]},"faces":{"north":{"uv":[11,9,11.75,10.875],"texture":"#0"},"east":{"uv":[8.75,0,10.75,1.875],"texture":"#0"},"south":{"uv":[11,11,11.75,12.875],"texture":"#0"},"west":{"uv":[0,9.5,2,11.375],"texture":"#0"},"up":{"uv":[11.5,2,10.75,0],"texture":"#0"},"down":{"uv":[11.75,7,11,9],"texture":"#0"}}},{"from":[1.75,1.725,-2.5],"to":[5.25,3.975,5.5],"rotation":{"angle":-22.5,"axis":"x","origin":[7.5,18.625,11]},"faces":{"north":{"uv":[6.5,4.25,7.375,4.75],"texture":"#0"},"east":{"uv":[7,11.25,9,11.75],"texture":"#0"},"south":{"uv":[11.5,1.5,12.375,2],"texture":"#0"},"west":{"uv":[9,11.25,11,11.75],"texture":"#0"},"up":{"uv":[11.125,5,10.25,3],"texture":"#0"},"down":{"uv":[11.125,5,10.25,7],"texture":"#0"}}},{"from":[1.75,13.725,-1.5],"to":[4.25,15.975,6.5],"rotation":{"angle":-22.5,"axis":"x","origin":[7.5,18.625,11]},"faces":{"north":{"uv":[7.5,4.25,8.125,4.75],"texture":"#0"},"east":{"uv":[0,11.5,2,12],"texture":"#0"},"south":{"uv":[10.25,7,10.875,7.5],"texture":"#0"},"west":{"uv":[11.5,0,13.5,0.5],"texture":"#0"},"up":{"uv":[11.875,4,11.25,2],"texture":"#0"},"down":{"uv":[11.875,4,11.25,6],"texture":"#0"}}},{"from":[4,2.225,5],"to":[12,14.975,14],"rotation":{"angle":0,"axis":"y","origin":[7.5,18.625,11]},"faces":{"north":{"uv":[6,8,8,11.125],"texture":"#0"},"east":{"uv":[6,4.75,8.25,7.875],"texture":"#0"},"south":{"uv":[8,8,10,11.125],"texture":"#0"},"west":{"uv":[6.5,0,8.75,3.125],"texture":"#0"},"up":{"uv":[10.25,5.5,8.25,3.25],"texture":"#0"},"down":{"uv":[10.25,5.5,8.25,7.75],"texture":"#0"}}},{"from":[8,2.225,14],"to":[8,20.975,26],"rotation":{"angle":0,"axis":"y","origin":[7.5,18.625,11]},"faces":{"north":{"uv":[0,0,0,4.625],"texture":"#0"},"east":{"uv":[0,4.75,3,9.375],"texture":"#0"},"south":{"uv":[0,0,0,4.625],"texture":"#0"},"west":{"uv":[3,4.75,6,9.375],"texture":"#0"},"up":{"uv":[0,3,0,0],"texture":"#0"},"down":{"uv":[0,0,0,3],"texture":"#0"}}},{"from":[7,2.225,14],"to":[7,20.975,27],"rotation":{"angle":-45,"axis":"y","origin":[7.5,18.625,11]},"faces":{"north":{"uv":[0,0,0,4.625],"texture":"#0"},"east":{"uv":[0,0,3.25,4.625],"texture":"#0"},"south":{"uv":[0,0,0,4.625],"texture":"#0"},"west":{"uv":[3.25,0,6.5,4.625],"texture":"#0"},"up":{"uv":[0,3.25,0,0],"texture":"#0"},"down":{"uv":[0,0,0,3.25],"texture":"#0"}}},{"from":[11,1.225,7],"to":[14,8.975,15],"rotation":{"angle":0,"axis":"y","origin":[8.5,18.625,11]},"faces":{"north":{"uv":[11.75,9,11,10.875],"texture":"#0"},"east":{"uv":[2,9.5,0,11.375],"texture":"#0"},"south":{"uv":[11.75,11,11,12.875],"texture":"#0"},"west":{"uv":[10.75,0,8.75,1.875],"texture":"#0"},"up":{"uv":[10.75,2,11.5,0],"texture":"#0"},"down":{"uv":[11,7,11.75,9],"texture":"#0"}}},{"from":[9,2.225,14],"to":[9,20.975,27],"rotation":{"angle":45,"axis":"y","origin":[8.5,18.625,11]},"faces":{"north":{"uv":[0,0,0,4.625],"texture":"#0"},"east":{"uv":[6.5,0,3.25,4.625],"texture":"#0"},"south":{"uv":[0,0,0,4.625],"texture":"#0"},"west":{"uv":[3.25,0,0,4.625],"texture":"#0"},"up":{"uv":[0,3.25,0,0],"texture":"#0"},"down":{"uv":[0,0,0,3.25],"texture":"#0"}}},{"from":[10.75,1.725,-2.5],"to":[14.25,3.975,5.5],"rotation":{"angle":-22.5,"axis":"x","origin":[8.5,18.625,11]},"faces":{"north":{"uv":[7.375,4.25,6.5,4.75],"texture":"#0"},"east":{"uv":[11,11.25,9,11.75],"texture":"#0"},"south":{"uv":[12.375,1.5,11.5,2],"texture":"#0"},"west":{"uv":[9,11.25,7,11.75],"texture":"#0"},"up":{"uv":[10.25,5,11.125,3],"texture":"#0"},"down":{"uv":[10.25,5,11.125,7],"texture":"#0"}}},{"from":[11.75,13.725,-1.5],"to":[14.25,15.975,6.5],"rotation":{"angle":-22.5,"axis":"x","origin":[8.5,18.625,11]},"faces":{"north":{"uv":[8.125,4.25,7.5,4.75],"texture":"#0"},"east":{"uv":[13.5,0,11.5,0.5],"texture":"#0"},"south":{"uv":[10.875,7,10.25,7.5],"texture":"#0"},"west":{"uv":[2,11.5,0,12],"texture":"#0"},"up":{"uv":[11.25,4,11.875,2],"texture":"#0"},"down":{"uv":[11.25,4,11.875,6],"texture":"#0"}}},{"from":[8.8,22.475,8],"to":[9.8,23.475,12],"rotation":{"angle":22.5,"axis":"x","origin":[8.5,17.125,10]},"faces":{"north":{"uv":[9.5,7.75,9.25,8],"texture":"#0"},"east":{"uv":[9.75,3,8.75,3.25],"texture":"#0"},"south":{"uv":[9.75,7.75,9.5,8],"texture":"#0"},"west":{"uv":[9.25,7.75,8.25,8],"texture":"#0"},"up":{"uv":[10.5,3,10.75,2],"texture":"#0"},"down":{"uv":[10.75,2,11,3],"texture":"#0"}}}],"display":{"thirdperson_righthand":{"rotation":[90,-90,0],"translation":[-6,-14.25,13.5],"scale":[2.2,2.2,2.2]},"fixed":{"translation":[0.25,7,0],"scale":[2,2,2]}}}