{"credit":"MadewithBlockbench","texture_size":[64,64],"textures":{"0":"blocks/persian/texture","particle":"blocks/persian/texture"},"elements":[{"from":[4.75,4,4],"to":[10.25,8,14.5],"faces":{"north":{"uv":[7.5,4.5,8.875,5.5],"texture":"#0"},"east":{"uv":[3,3.75,5.625,4.75],"texture":"#0"},"south":{"uv":[5.5,7.5,6.875,8.5],"texture":"#0"},"west":{"uv":[3,4.75,5.625,5.75],"texture":"#0"},"up":{"uv":[1.375,6.375,0,3.75],"texture":"#0"},"down":{"uv":[2.875,3.75,1.5,6.375],"texture":"#0"}}},{"from":[6.9,11,-0.5],"to":[8.4,12.5,0],"faces":{"north":{"uv":[0.75,10,1.125,10.375],"texture":"#0"},"east":{"uv":[5.5,3,5.625,3.375],"texture":"#0"},"south":{"uv":[10,1,10.375,1.375],"texture":"#0"},"west":{"uv":[8,5.5,8.125,5.875],"texture":"#0"},"up":{"uv":[5.125,5.875,4.75,5.75],"texture":"#0"},"down":{"uv":[5.625,5.75,5.25,5.875],"texture":"#0"}}},{"from":[4.4,8,0],"to":[10.9,13.5,5.5],"faces":{"north":{"uv":[5.5,0,7.125,1.375],"texture":"#0"},"east":{"uv":[7.25,0,8.625,1.375],"texture":"#0"},"south":{"uv":[5.5,1.5,7.125,2.875],"texture":"#0"},"west":{"uv":[7.25,1.5,8.625,2.875],"texture":"#0"},"up":{"uv":[4.625,7.125,3,5.75],"texture":"#0"},"down":{"uv":[7.375,3,5.75,4.375],"texture":"#0"}}},{"from":[5.15,12,5.75],"to":[11.65,17.5,5.75],"rotation":{"angle":22.5,"axis":"y","origin":[0,0,0]},"faces":{"north":{"uv":[5.75,4.5,7.375,5.875],"texture":"#0"},"east":{"uv":[0,0,0,1.375],"texture":"#0"},"south":{"uv":[4.75,6,6.375,7.375],"texture":"#0"},"west":{"uv":[0,0,0,1.375],"texture":"#0"},"up":{"uv":[1.625,0,0,0],"texture":"#0"},"down":{"uv":[1.625,0,0,0],"texture":"#0"}}},{"from":[9.15,6,0.75],"to":[15.65,11.5,0.75],"faces":{"north":{"uv":[0,6.5,1.625,7.875],"texture":"#0"},"east":{"uv":[0,0,0,1.375],"texture":"#0"},"south":{"uv":[6.5,6,8.125,7.375],"texture":"#0"},"west":{"uv":[0,0,0,1.375],"texture":"#0"},"up":{"uv":[1.625,0,0,0],"texture":"#0"},"down":{"uv":[1.625,0,0,0],"texture":"#0"}}},{"from":[5.4,0,7],"to":[9.9,5.5,9.5],"rotation":{"angle":-45,"axis":"x","origin":[0,0,0]},"faces":{"north":{"uv":[7.5,3,8.625,4.375],"texture":"#0"},"east":{"uv":[0,8.75,0.625,10.125],"texture":"#0"},"south":{"uv":[4.25,7.5,5.375,8.875],"texture":"#0"},"west":{"uv":[8.75,0,9.375,1.375],"texture":"#0"},"up":{"uv":[5.125,9.625,4,9],"texture":"#0"},"down":{"uv":[10.125,4,9,4.625],"texture":"#0"}}},{"from":[7.75,-1,14],"to":[7.75,14,24.5],"faces":{"north":{"uv":[0,0,0,3.75],"texture":"#0"},"east":{"uv":[0,0,2.625,3.75],"texture":"#0"},"south":{"uv":[0,0,0,3.75],"texture":"#0"},"west":{"uv":[2.75,0,5.375,3.75],"texture":"#0"},"up":{"uv":[0,2.625,0,0],"texture":"#0"},"down":{"uv":[0,0,0,2.625],"texture":"#0"}}},{"from":[8,3.5,10],"to":[11,8.5,15],"faces":{"north":{"uv":[1.75,7.75,2.5,9],"texture":"#0"},"east":{"uv":[1.75,6.5,3,7.75],"texture":"#0"},"south":{"uv":[7,8.25,7.75,9.5],"texture":"#0"},"west":{"uv":[3,7.25,4.25,8.5],"texture":"#0"},"up":{"uv":[8.5,9.5,7.75,8.25],"texture":"#0"},"down":{"uv":[3.25,8.5,2.5,9.75],"texture":"#0"}}},{"from":[4.25,3.5,10],"to":[7.25,8.5,15],"faces":{"north":{"uv":[1.75,7.75,2.5,9],"texture":"#0"},"east":{"uv":[1.75,6.5,3,7.75],"texture":"#0"},"south":{"uv":[7,8.25,7.75,9.5],"texture":"#0"},"west":{"uv":[3,7.25,4.25,8.5],"texture":"#0"},"up":{"uv":[8.5,9.5,7.75,8.25],"texture":"#0"},"down":{"uv":[3.25,8.5,2.5,9.75],"texture":"#0"}}},{"from":[8,-5,4.75],"to":[10.5,0,7.5],"rotation":{"angle":-22.5,"axis":"x","origin":[0.25,-0.5,-7.5]},"faces":{"north":{"uv":[8.75,2.75,9.375,4],"texture":"#0"},"east":{"uv":[6.25,8.5,7,9.75],"texture":"#0"},"south":{"uv":[8.75,7,9.375,8.25],"texture":"#0"},"west":{"uv":[8.5,8.25,9.25,9.5],"texture":"#0"},"up":{"uv":[2.125,10.5,1.5,9.75],"texture":"#0"},"down":{"uv":[2.875,9.75,2.25,10.5],"texture":"#0"}}},{"from":[8.375,2.78498,7.41342],"to":[10.375,6.78498,9.41342],"rotation":{"angle":22.5,"axis":"x","origin":[0.375,7.28498,-5.58658]},"faces":{"north":{"uv":[9.5,2,10,3],"texture":"#0"},"east":{"uv":[9.5,3,10,4],"texture":"#0"},"south":{"uv":[7,9.5,7.5,10.5],"texture":"#0"},"west":{"uv":[9.5,7,10,8],"texture":"#0"},"up":{"uv":[8.75,7.5,8.25,7],"texture":"#0"},"down":{"uv":[10.25,8.5,9.75,9],"texture":"#0"}}},{"from":[8.4,-2.61272,3.29953],"to":[10.325,-1.11272,6.54953],"rotation":{"angle":0,"axis":"x","origin":[0.375,12.38728,6.04953]},"faces":{"north":{"uv":[10,0,10.5,0.375],"texture":"#0"},"east":{"uv":[6,9.75,6.875,10.125],"texture":"#0"},"south":{"uv":[10,0.5,10.5,0.875],"texture":"#0"},"west":{"uv":[9.75,8,10.625,8.375],"texture":"#0"},"up":{"uv":[4.5,10.625,4,9.75],"texture":"#0"},"down":{"uv":[5,9.75,4.5,10.625],"texture":"#0"}}},{"from":[4.75,-5,4.75],"to":[7.25,0,7.5],"rotation":{"angle":-22.5,"axis":"x","origin":[15,-0.5,-7.5]},"faces":{"north":{"uv":[9.375,2.75,8.75,4],"texture":"#0"},"east":{"uv":[9.25,8.25,8.5,9.5],"texture":"#0"},"south":{"uv":[9.375,7,8.75,8.25],"texture":"#0"},"west":{"uv":[7,8.5,6.25,9.75],"texture":"#0"},"up":{"uv":[1.5,10.5,2.125,9.75],"texture":"#0"},"down":{"uv":[2.25,9.75,2.875,10.5],"texture":"#0"}}},{"from":[4.925,2.78498,7.41342],"to":[6.925,6.78498,9.41342],"rotation":{"angle":22.5,"axis":"x","origin":[14.925,7.28498,-5.58658]},"faces":{"north":{"uv":[10,2,9.5,3],"texture":"#0"},"east":{"uv":[10,7,9.5,8],"texture":"#0"},"south":{"uv":[7.5,9.5,7,10.5],"texture":"#0"},"west":{"uv":[10,3,9.5,4],"texture":"#0"},"up":{"uv":[8.25,7.5,8.75,7],"texture":"#0"},"down":{"uv":[9.75,8.5,10.25,9],"texture":"#0"}}},{"from":[4.95,-2.61272,3.29953],"to":[6.875,-1.11272,6.54953],"rotation":{"angle":0,"axis":"x","origin":[14.925,12.38728,6.04953]},"faces":{"north":{"uv":[10.5,0,10,0.375],"texture":"#0"},"east":{"uv":[10.625,8,9.75,8.375],"texture":"#0"},"south":{"uv":[10.5,0.5,10,0.875],"texture":"#0"},"west":{"uv":[6.875,9.75,6,10.125],"texture":"#0"},"up":{"uv":[4,10.625,4.5,9.75],"texture":"#0"},"down":{"uv":[4.5,9.75,5,10.625],"texture":"#0"}}},{"from":[8,-5,11.75],"to":[10.5,0,14.5],"rotation":{"angle":-22.5,"axis":"x","origin":[0.25,-0.5,-0.5]},"faces":{"north":{"uv":[8.75,2.75,9.375,4],"texture":"#0"},"east":{"uv":[6.25,8.5,7,9.75],"texture":"#0"},"south":{"uv":[8.75,7,9.375,8.25],"texture":"#0"},"west":{"uv":[8.5,8.25,9.25,9.5],"texture":"#0"},"up":{"uv":[2.125,10.5,1.5,9.75],"texture":"#0"},"down":{"uv":[2.875,9.75,2.25,10.5],"texture":"#0"}}},{"from":[4.75,-5,11.75],"to":[7.25,0,14.5],"rotation":{"angle":-22.5,"axis":"x","origin":[15,-0.5,-0.5]},"faces":{"north":{"uv":[9.375,2.75,8.75,4],"texture":"#0"},"east":{"uv":[9.25,8.25,8.5,9.5],"texture":"#0"},"south":{"uv":[9.375,7,8.75,8.25],"texture":"#0"},"west":{"uv":[7,8.5,6.25,9.75],"texture":"#0"},"up":{"uv":[1.5,10.5,2.125,9.75],"texture":"#0"},"down":{"uv":[2.25,9.75,2.875,10.5],"texture":"#0"}}},{"from":[4.925,2.78498,14.41342],"to":[6.925,6.78498,16.41342],"rotation":{"angle":22.5,"axis":"x","origin":[14.925,7.28498,1.41342]},"faces":{"north":{"uv":[10,2,9.5,3],"texture":"#0"},"east":{"uv":[10,7,9.5,8],"texture":"#0"},"south":{"uv":[7.5,9.5,7,10.5],"texture":"#0"},"west":{"uv":[10,3,9.5,4],"texture":"#0"},"up":{"uv":[8.25,7.5,8.75,7],"texture":"#0"},"down":{"uv":[9.75,8.5,10.25,9],"texture":"#0"}}},{"from":[8.375,2.78498,14.41342],"to":[10.375,6.78498,16.41342],"rotation":{"angle":22.5,"axis":"x","origin":[0.375,7.28498,1.41342]},"faces":{"north":{"uv":[9.5,2,10,3],"texture":"#0"},"east":{"uv":[9.5,3,10,4],"texture":"#0"},"south":{"uv":[7,9.5,7.5,10.5],"texture":"#0"},"west":{"uv":[9.5,7,10,8],"texture":"#0"},"up":{"uv":[8.75,7.5,8.25,7],"texture":"#0"},"down":{"uv":[10.25,8.5,9.75,9],"texture":"#0"}}},{"from":[8.4,-2.61272,10.29953],"to":[10.325,-1.11272,13.54953],"rotation":{"angle":0,"axis":"x","origin":[0.375,12.38728,13.04953]},"faces":{"north":{"uv":[10,0,10.5,0.375],"texture":"#0"},"east":{"uv":[6,9.75,6.875,10.125],"texture":"#0"},"south":{"uv":[10,0.5,10.5,0.875],"texture":"#0"},"west":{"uv":[9.75,8,10.625,8.375],"texture":"#0"},"up":{"uv":[4.5,10.625,4,9.75],"texture":"#0"},"down":{"uv":[5,9.75,4.5,10.625],"texture":"#0"}}},{"from":[4.95,-2.61272,10.29953],"to":[6.875,-1.11272,13.54953],"rotation":{"angle":0,"axis":"x","origin":[14.925,12.38728,13.04953]},"faces":{"north":{"uv":[10.5,0,10,0.375],"texture":"#0"},"east":{"uv":[10.625,8,9.75,8.375],"texture":"#0"},"south":{"uv":[10.5,0.5,10,0.875],"texture":"#0"},"west":{"uv":[6.875,9.75,6,10.125],"texture":"#0"},"up":{"uv":[4,10.625,4.5,9.75],"texture":"#0"},"down":{"uv":[4.5,9.75,5,10.625],"texture":"#0"}}},{"from":[3.6,12,5.75],"to":[10.1,17.5,5.75],"rotation":{"angle":-22.5,"axis":"y","origin":[15.25,0,0]},"faces":{"north":{"uv":[7.375,4.5,5.75,5.875],"texture":"#0"},"east":{"uv":[0,0,0,1.375],"texture":"#0"},"south":{"uv":[6.375,6,4.75,7.375],"texture":"#0"},"west":{"uv":[0,0,0,1.375],"texture":"#0"},"up":{"uv":[0,0,1.625,0],"texture":"#0"},"down":{"uv":[0,0,1.625,0],"texture":"#0"}}},{"from":[-0.4,6,0.75],"to":[6.1,11.5,0.75],"rotation":{"angle":0,"axis":"y","origin":[15.25,0,0]},"faces":{"north":{"uv":[1.625,6.5,0,7.875],"texture":"#0"},"east":{"uv":[0,0,0,1.375],"texture":"#0"},"south":{"uv":[8.125,6,6.5,7.375],"texture":"#0"},"west":{"uv":[0,0,0,1.375],"texture":"#0"},"up":{"uv":[0,0,1.625,0],"texture":"#0"},"down":{"uv":[0,0,1.625,0],"texture":"#0"}}},{"from":[4.25,3.5,10],"to":[7.25,8.5,15],"rotation":{"angle":0,"axis":"y","origin":[15.25,0,0]},"faces":{"north":{"uv":[2.5,7.75,1.75,9],"texture":"#0"},"east":{"uv":[4.25,7.25,3,8.5],"texture":"#0"},"south":{"uv":[7.75,8.25,7,9.5],"texture":"#0"},"west":{"uv":[3,6.5,1.75,7.75],"texture":"#0"},"up":{"uv":[7.75,9.5,8.5,8.25],"texture":"#0"},"down":{"uv":[2.5,8.5,3.25,9.75],"texture":"#0"}}},{"from":[4,3.75,3.5],"to":[11,6.75,6.5],"faces":{"north":{"uv":[7,7.5,8.75,8.25],"texture":"#0"},"east":{"uv":[1.5,9,2.25,9.75],"texture":"#0"},"south":{"uv":[0,8,1.75,8.75],"texture":"#0"},"west":{"uv":[9,4.75,9.75,5.5],"texture":"#0"},"up":{"uv":[10,6.25,8.25,5.5],"texture":"#0"},"down":{"uv":[10,6.25,8.25,7],"texture":"#0"}}}],"display":{"thirdperson_righthand":{"rotation":[90,-90,0],"translation":[-6,-14.25,13.5],"scale":[2.2,2.2,2.2]},"fixed":{"translation":[0.25,7,0],"scale":[2,2,2]}}}