{"credit":"MadewithBlockbench","texture_size":[32,32],"textures":{"0":"texture","particle":"texture"},"elements":[{"from":[4,3.8,4],"to":[12,11.8,12],"rotation":{"angle":0,"axis":"y","origin":[0,-1.2,0]},"faces":{"north":{"uv":[0,0,4,4],"texture":"#0"},"east":{"uv":[0,4,4,8],"texture":"#0"},"south":{"uv":[4,0,8,4],"texture":"#0"},"west":{"uv":[4,4,8,8],"texture":"#0"},"up":{"uv":[4,12,0,8],"texture":"#0"},"down":{"uv":[12,0,8,4],"texture":"#0"}}},{"from":[9.5,3.5,3],"to":[12.5,8.5,7],"rotation":{"angle":22.5,"axis":"x","origin":[6,0,0]},"faces":{"north":{"uv":[10,6,11.5,8.5],"texture":"#0"},"east":{"uv":[4,8,6,10.5],"texture":"#0"},"south":{"uv":[4,10.5,5.5,13],"texture":"#0"},"west":{"uv":[8,4,10,6.5],"texture":"#0"},"up":{"uv":[13.5,2,12,0],"texture":"#0"},"down":{"uv":[3,12,1.5,14],"texture":"#0"}}},{"from":[9.5,-0.01447,4.11103],"to":[12.5,2.08553,8.41103],"rotation":{"angle":0,"axis":"x","origin":[6,-0.81447,-0.38897]},"faces":{"north":{"uv":[8.5,13.5,10,14.5],"texture":"#0"},"east":{"uv":[13,7.5,15.25,8.5],"texture":"#0"},"south":{"uv":[13.5,8.5,15,9.5],"texture":"#0"},"west":{"uv":[13,12.5,15.25,13.5],"texture":"#0"},"up":{"uv":[11.5,13.25,10,11],"texture":"#0"},"down":{"uv":[13,6,11.5,8.25],"texture":"#0"}}},{"from":[14.5,-2.5,6],"to":[17.5,2.5,10],"rotation":{"angle":45,"axis":"z","origin":[6,0,0]},"faces":{"north":{"uv":[5.5,10.5,7,13],"texture":"#0"},"east":{"uv":[6,8,8,10.5],"texture":"#0"},"south":{"uv":[10.5,8.5,12,11],"texture":"#0"},"west":{"uv":[8,6.5,10,9],"texture":"#0"},"up":{"uv":[13.5,4,12,2],"texture":"#0"},"down":{"uv":[13.5,8.5,12,10.5],"texture":"#0"}}},{"from":[12.75,7.25,1],"to":[15.75,10.5,6],"rotation":{"angle":22.5,"axis":"x","origin":[6,0,0]},"faces":{"north":{"uv":[13,10.5,14.5,12.25],"texture":"#0"},"east":{"uv":[8,9,10.5,10.75],"texture":"#0"},"south":{"uv":[11.5,13,13,14.75],"texture":"#0"},"west":{"uv":[10,4,12.5,5.75],"texture":"#0"},"up":{"uv":[8.5,13.5,7,11],"texture":"#0"},"down":{"uv":[10,11,8.5,13.5],"texture":"#0"}}},{"from":[12.5,5.5,5],"to":[13.5,6.75,8],"rotation":{"angle":-22.5,"axis":"x","origin":[6,0,0]},"faces":{"north":{"uv":[3,12,3.5,12.75],"texture":"#0"},"east":{"uv":[13,13.5,14.5,14.25],"texture":"#0"},"south":{"uv":[3.5,12,4,12.75],"texture":"#0"},"west":{"uv":[0,14,1.5,14.75],"texture":"#0"},"up":{"uv":[5,16,4.5,14.5],"texture":"#0"},"down":{"uv":[15,6,14.5,7.5],"texture":"#0"}}},{"from":[13.75,5.5,5],"to":[14.75,6.75,8],"rotation":{"angle":-22.5,"axis":"x","origin":[6,0,0]},"faces":{"north":{"uv":[8.5,14.5,9,15.25],"texture":"#0"},"east":{"uv":[1.5,14,3,14.75],"texture":"#0"},"south":{"uv":[9,14.5,9.5,15.25],"texture":"#0"},"west":{"uv":[3,14.5,4.5,15.25],"texture":"#0"},"up":{"uv":[7,16,6.5,14.5],"texture":"#0"},"down":{"uv":[7.5,14.5,7,16],"texture":"#0"}}},{"from":[15,5.5,5],"to":[16,6.75,8],"rotation":{"angle":-22.5,"axis":"x","origin":[6,0,0]},"faces":{"north":{"uv":[9.5,14.5,10,15.25],"texture":"#0"},"east":{"uv":[14.5,4,16,4.75],"texture":"#0"},"south":{"uv":[10,14.5,10.5,15.25],"texture":"#0"},"west":{"uv":[14.5,5,16,5.75],"texture":"#0"},"up":{"uv":[8,16,7.5,14.5],"texture":"#0"},"down":{"uv":[8.5,14.5,8,16],"texture":"#0"}}},{"from":[3.5,-0.01447,4.11103],"to":[6.5,2.08553,8.41103],"rotation":{"angle":0,"axis":"x","origin":[10,-0.81447,-0.38897]},"faces":{"north":{"uv":[10,13.5,8.5,14.5],"texture":"#0"},"east":{"uv":[15.25,12.5,13,13.5],"texture":"#0"},"south":{"uv":[15,8.5,13.5,9.5],"texture":"#0"},"west":{"uv":[15.25,7.5,13,8.5],"texture":"#0"},"up":{"uv":[10,13.25,11.5,11],"texture":"#0"},"down":{"uv":[11.5,6,13,8.25],"texture":"#0"}}},{"from":[3.5,3.5,3],"to":[6.5,8.5,7],"rotation":{"angle":22.5,"axis":"x","origin":[10,0,0]},"faces":{"north":{"uv":[11.5,6,10,8.5],"texture":"#0"},"east":{"uv":[10,4,8,6.5],"texture":"#0"},"south":{"uv":[5.5,10.5,4,13],"texture":"#0"},"west":{"uv":[6,8,4,10.5],"texture":"#0"},"up":{"uv":[12,2,13.5,0],"texture":"#0"},"down":{"uv":[1.5,12,3,14],"texture":"#0"}}},{"from":[-1.5,-2.5,6],"to":[1.5,2.5,10],"rotation":{"angle":-45,"axis":"z","origin":[10,0,0]},"faces":{"north":{"uv":[7,10.5,5.5,13],"texture":"#0"},"east":{"uv":[10,6.5,8,9],"texture":"#0"},"south":{"uv":[12,8.5,10.5,11],"texture":"#0"},"west":{"uv":[8,8,6,10.5],"texture":"#0"},"up":{"uv":[12,4,13.5,2],"texture":"#0"},"down":{"uv":[12,8.5,13.5,10.5],"texture":"#0"}}},{"from":[0.25,7.25,1],"to":[3.25,10.5,6],"rotation":{"angle":22.5,"axis":"x","origin":[10,0,0]},"faces":{"north":{"uv":[14.5,10.5,13,12.25],"texture":"#0"},"east":{"uv":[12.5,4,10,5.75],"texture":"#0"},"south":{"uv":[13,13,11.5,14.75],"texture":"#0"},"west":{"uv":[10.5,9,8,10.75],"texture":"#0"},"up":{"uv":[7,13.5,8.5,11],"texture":"#0"},"down":{"uv":[8.5,11,10,13.5],"texture":"#0"}}},{"from":[0,5.5,5],"to":[1,6.75,8],"rotation":{"angle":-22.5,"axis":"x","origin":[10,0,0]},"faces":{"north":{"uv":[10,14.5,9.5,15.25],"texture":"#0"},"east":{"uv":[16,5,14.5,5.75],"texture":"#0"},"south":{"uv":[10.5,14.5,10,15.25],"texture":"#0"},"west":{"uv":[16,4,14.5,4.75],"texture":"#0"},"up":{"uv":[7.5,16,8,14.5],"texture":"#0"},"down":{"uv":[8,14.5,8.5,16],"texture":"#0"}}},{"from":[1.25,5.5,5],"to":[2.25,6.75,8],"rotation":{"angle":-22.5,"axis":"x","origin":[10,0,0]},"faces":{"north":{"uv":[9,14.5,8.5,15.25],"texture":"#0"},"east":{"uv":[4.5,14.5,3,15.25],"texture":"#0"},"south":{"uv":[9.5,14.5,9,15.25],"texture":"#0"},"west":{"uv":[3,14,1.5,14.75],"texture":"#0"},"up":{"uv":[6.5,16,7,14.5],"texture":"#0"},"down":{"uv":[7,14.5,7.5,16],"texture":"#0"}}},{"from":[2.5,5.5,5],"to":[3.5,6.75,8],"rotation":{"angle":-22.5,"axis":"x","origin":[10,0,0]},"faces":{"north":{"uv":[3.5,12,3,12.75],"texture":"#0"},"east":{"uv":[1.5,14,0,14.75],"texture":"#0"},"south":{"uv":[4,12,3.5,12.75],"texture":"#0"},"west":{"uv":[14.5,13.5,13,14.25],"texture":"#0"},"up":{"uv":[4.5,16,5,14.5],"texture":"#0"},"down":{"uv":[14.5,6,15,7.5],"texture":"#0"}}},{"from":[6.5,7.05,0],"to":[9.5,10.05,4],"rotation":{"angle":0,"axis":"y","origin":[-0.5,-1.95,0]},"faces":{"north":{"uv":[13.5,0,15,1.5],"texture":"#0"},"east":{"uv":[12.5,4,14.5,5.5],"texture":"#0"},"south":{"uv":[13.5,1.5,15,3],"texture":"#0"},"west":{"uv":[3,13,5,14.5],"texture":"#0"},"up":{"uv":[6.5,15,5,13],"texture":"#0"},"down":{"uv":[14.5,5.5,13,7.5],"texture":"#0"}}},{"from":[6.5,4.3,3.5],"to":[9.5,5.55,7.25],"rotation":{"angle":-22.5,"axis":"x","origin":[-0.5,-1.95,0]},"faces":{"north":{"uv":[13.5,9.5,15,10.25],"texture":"#0"},"east":{"uv":[13.5,3,15.5,3.75],"texture":"#0"},"south":{"uv":[10,13.5,11.5,14.25],"texture":"#0"},"west":{"uv":[6.5,13.5,8.5,14.25],"texture":"#0"},"up":{"uv":[13,13,11.5,11],"texture":"#0"},"down":{"uv":[1.5,12,0,14],"texture":"#0"}}}],"display":{"thirdperson_righthand":{"rotation":[90,-90,0],"translation":[-6,-14.25,13.5],"scale":[2.2,2.2,2.2]},"fixed":{"translation":[0.25,7,0],"scale":[2,2,2]}}}