{"credit":"MadewithBlockbench","texture_size":[32,32],"textures":{"0":"block/texture","particle":"block/texture"},"elements":[{"from":[4.5,2,6],"to":[6.5,4,10],"rotation":{"angle":-22.5,"axis":"x","origin":[0,0,0]},"faces":{"north":{"uv":[10,13.5,11,14.5],"texture":"#0"},"east":{"uv":[12,0,14,1],"texture":"#0"},"south":{"uv":[3,14,4,15],"texture":"#0"},"west":{"uv":[12,1,14,2],"texture":"#0"},"up":{"uv":[3,14,2,12],"texture":"#0"},"down":{"uv":[13,2,12,4],"texture":"#0"}}},{"from":[9.5,2,6],"to":[11.5,4,10],"rotation":{"angle":-22.5,"axis":"x","origin":[16,0,0]},"faces":{"north":{"uv":[11,13.5,10,14.5],"texture":"#0"},"east":{"uv":[14,1,12,2],"texture":"#0"},"south":{"uv":[4,14,3,15],"texture":"#0"},"west":{"uv":[14,0,12,1],"texture":"#0"},"up":{"uv":[2,14,3,12],"texture":"#0"},"down":{"uv":[12,2,13,4],"texture":"#0"}}},{"from":[-2,8,7],"to":[0,12,9],"rotation":{"angle":-22.5,"axis":"z","origin":[0,0,0]},"faces":{"north":{"uv":[3,12,4,14],"texture":"#0"},"east":{"uv":[12,4,13,6],"texture":"#0"},"south":{"uv":[11,12,12,14],"texture":"#0"},"west":{"uv":[12,12,13,14],"texture":"#0"},"up":{"uv":[15,7,14,6],"texture":"#0"},"down":{"uv":[12,14,11,15],"texture":"#0"}}},{"from":[-2,11,-2],"to":[4,17,-2],"rotation":{"angle":45,"axis":"x","origin":[0,0,0]},"faces":{"north":{"uv":[8,7.5,11,10.5],"texture":"#0"},"east":{"uv":[0,0,0,3],"texture":"#0"},"south":{"uv":[8,10.5,11,13.5],"texture":"#0"},"west":{"uv":[0,0,0,3],"texture":"#0"},"up":{"uv":[3,0,0,0],"texture":"#0"},"down":{"uv":[3,0,0,0],"texture":"#0"}}},{"from":[12,11,-2],"to":[18,17,-2],"rotation":{"angle":45,"axis":"x","origin":[16,0,0]},"faces":{"north":{"uv":[11,7.5,8,10.5],"texture":"#0"},"east":{"uv":[0,0,0,3],"texture":"#0"},"south":{"uv":[11,10.5,8,13.5],"texture":"#0"},"west":{"uv":[0,0,0,3],"texture":"#0"},"up":{"uv":[0,0,3,0],"texture":"#0"},"down":{"uv":[0,0,3,0],"texture":"#0"}}},{"from":[16,8,7],"to":[18,12,9],"rotation":{"angle":22.5,"axis":"z","origin":[16,0,0]},"faces":{"north":{"uv":[4,12,3,14],"texture":"#0"},"east":{"uv":[13,12,12,14],"texture":"#0"},"south":{"uv":[12,12,11,14],"texture":"#0"},"west":{"uv":[13,4,12,6],"texture":"#0"},"up":{"uv":[14,7,15,6],"texture":"#0"},"down":{"uv":[11,14,12,15],"texture":"#0"}}},{"from":[-3,3,4],"to":[-3,10,12],"rotation":{"angle":-45,"axis":"z","origin":[0,0,0]},"faces":{"north":{"uv":[0,0,0,3.5],"texture":"#0"},"east":{"uv":[4,8,8,11.5],"texture":"#0"},"south":{"uv":[0,0,0,3.5],"texture":"#0"},"west":{"uv":[8,4,12,7.5],"texture":"#0"},"up":{"uv":[0,4,0,0],"texture":"#0"},"down":{"uv":[0,0,0,4],"texture":"#0"}}},{"from":[19,3,4],"to":[19,10,12],"rotation":{"angle":45,"axis":"z","origin":[16,0,0]},"faces":{"north":{"uv":[0,0,0,3.5],"texture":"#0"},"east":{"uv":[12,4,8,7.5],"texture":"#0"},"south":{"uv":[0,0,0,3.5],"texture":"#0"},"west":{"uv":[8,8,4,11.5],"texture":"#0"},"up":{"uv":[0,4,0,0],"texture":"#0"},"down":{"uv":[0,0,0,4],"texture":"#0"}}},{"from":[4,7,4],"to":[12,15,12],"faces":{"north":{"uv":[0,0,4,4],"texture":"#0"},"east":{"uv":[0,4,4,8],"texture":"#0"},"south":{"uv":[4,0,8,4],"texture":"#0"},"west":{"uv":[4,4,8,8],"texture":"#0"},"up":{"uv":[4,12,0,8],"texture":"#0"},"down":{"uv":[12,0,8,4],"texture":"#0"}}},{"from":[6,7,1.25],"to":[10,9,4],"faces":{"north":{"uv":[12,6,14,7],"texture":"#0"},"east":{"uv":[13,12,14.5,13],"texture":"#0"},"south":{"uv":[13,2,15,3],"texture":"#0"},"west":{"uv":[13,13,14.5,14],"texture":"#0"},"up":{"uv":[13,9,11,7.5],"texture":"#0"},"down":{"uv":[13,9,11,10.5],"texture":"#0"}}},{"from":[6.5,9,1.5],"to":[9.5,11,4],"faces":{"north":{"uv":[0,13.5,1.5,14.5],"texture":"#0"},"east":{"uv":[14,1,15.25,2],"texture":"#0"},"south":{"uv":[7,13.5,8.5,14.5],"texture":"#0"},"west":{"uv":[1.5,14,2.75,15],"texture":"#0"},"up":{"uv":[14.5,5.75,13,4.5],"texture":"#0"},"down":{"uv":[7,13,5.5,14.25],"texture":"#0"}}},{"from":[2,13.75,6.75],"to":[5.5,16.75,9.25],"faces":{"north":{"uv":[11,10.5,12.75,12],"texture":"#0"},"east":{"uv":[13,7,14.25,8.5],"texture":"#0"},"south":{"uv":[4,11.5,5.75,13],"texture":"#0"},"west":{"uv":[13,8.5,14.25,10],"texture":"#0"},"up":{"uv":[7.75,12.75,6,11.5],"texture":"#0"},"down":{"uv":[1.75,12,0,13.25],"texture":"#0"}}},{"from":[2.4,14.1,4.5],"to":[5.4,16.1,7],"faces":{"north":{"uv":[13,10,14.5,11],"texture":"#0"},"east":{"uv":[8.5,13.5,9.75,14.5],"texture":"#0"},"south":{"uv":[13,11,14.5,12],"texture":"#0"},"west":{"uv":[14,0,15.25,1],"texture":"#0"},"up":{"uv":[14.5,4.25,13,3],"texture":"#0"},"down":{"uv":[5.5,13,4,14.25],"texture":"#0"}}},{"from":[2.4,14.1,9],"to":[5.4,16.1,11.5],"faces":{"north":{"uv":[13,10,14.5,11],"texture":"#0"},"east":{"uv":[8.5,13.5,9.75,14.5],"texture":"#0"},"south":{"uv":[13,11,14.5,12],"texture":"#0"},"west":{"uv":[14,0,15.25,1],"texture":"#0"},"up":{"uv":[14.5,4.25,13,3],"texture":"#0"},"down":{"uv":[5.5,13,4,14.25],"texture":"#0"}}},{"from":[10.6,14.1,4.5],"to":[13.6,16.1,7],"rotation":{"angle":0,"axis":"y","origin":[16,0,0]},"faces":{"north":{"uv":[14.5,10,13,11],"texture":"#0"},"east":{"uv":[15.25,0,14,1],"texture":"#0"},"south":{"uv":[14.5,11,13,12],"texture":"#0"},"west":{"uv":[9.75,13.5,8.5,14.5],"texture":"#0"},"up":{"uv":[13,4.25,14.5,3],"texture":"#0"},"down":{"uv":[4,13,5.5,14.25],"texture":"#0"}}},{"from":[10.5,13.75,6.75],"to":[14,16.75,9.25],"rotation":{"angle":0,"axis":"y","origin":[16,0,0]},"faces":{"north":{"uv":[12.75,10.5,11,12],"texture":"#0"},"east":{"uv":[14.25,8.5,13,10],"texture":"#0"},"south":{"uv":[5.75,11.5,4,13],"texture":"#0"},"west":{"uv":[14.25,7,13,8.5],"texture":"#0"},"up":{"uv":[6,12.75,7.75,11.5],"texture":"#0"},"down":{"uv":[0,12,1.75,13.25],"texture":"#0"}}},{"from":[10.6,14.1,9],"to":[13.6,16.1,11.5],"rotation":{"angle":0,"axis":"y","origin":[16,0,0]},"faces":{"north":{"uv":[14.5,10,13,11],"texture":"#0"},"east":{"uv":[15.25,0,14,1],"texture":"#0"},"south":{"uv":[14.5,11,13,12],"texture":"#0"},"west":{"uv":[9.75,13.5,8.5,14.5],"texture":"#0"},"up":{"uv":[13,4.25,14.5,3],"texture":"#0"},"down":{"uv":[4,13,5.5,14.25],"texture":"#0"}}}],"display":{"thirdperson_righthand":{"rotation":[90,-90,0],"translation":[-6,-14.25,13.5],"scale":[2.2,2.2,2.2]},"fixed":{"translation":[0.25,7,0],"scale":[2,2,2]}}}