{"credit":"MadewithBlockbench","texture_size":[32,32],"textures":{"0":"texture","particle":"texture"},"elements":[{"from":[4,0,4],"to":[12,3,12],"faces":{"north":{"uv":[7.5,0,11.5,1.5],"texture":"#0"},"east":{"uv":[7.5,1.5,11.5,3],"texture":"#0"},"south":{"uv":[7.5,3,11.5,4.5],"texture":"#0"},"west":{"uv":[7.5,4.5,11.5,6],"texture":"#0"},"up":{"uv":[4,4,0,0],"texture":"#0"},"down":{"uv":[4,4,0,8],"texture":"#0"}}},{"from":[4.5,3,4.5],"to":[11.5,6,11.5],"faces":{"north":{"uv":[0,8,3.5,9.5],"texture":"#0"},"east":{"uv":[0,9.5,3.5,11],"texture":"#0"},"south":{"uv":[3.5,10,7,11.5],"texture":"#0"},"west":{"uv":[10,6,13.5,7.5],"texture":"#0"},"up":{"uv":[7.5,3.5,4,0],"texture":"#0"},"down":{"uv":[7.5,3.5,4,7],"texture":"#0"}}},{"from":[11.5,-3,6.5],"to":[16.5,-1,9.5],"rotation":{"angle":22.5,"axis":"z","origin":[0,0,0]},"faces":{"north":{"uv":[7.5,6,10,7],"texture":"#0"},"east":{"uv":[11.5,3.5,13,4.5],"texture":"#0"},"south":{"uv":[0,11,2.5,12],"texture":"#0"},"west":{"uv":[11.5,4.5,13,5.5],"texture":"#0"},"up":{"uv":[9.5,11.5,7,10],"texture":"#0"},"down":{"uv":[12.5,7.5,10,9],"texture":"#0"}}},{"from":[4.5,2,0.5],"to":[9.5,4,3.5],"rotation":{"angle":-45,"axis":"y","origin":[0,0,0]},"faces":{"north":{"uv":[11.5,0,14,1],"texture":"#0"},"east":{"uv":[5.5,11.5,7,12.5],"texture":"#0"},"south":{"uv":[11.5,1,14,2],"texture":"#0"},"west":{"uv":[7,11.5,8.5,12.5],"texture":"#0"},"up":{"uv":[12.5,10.5,10,9],"texture":"#0"},"down":{"uv":[12,10.5,9.5,12],"texture":"#0"}}},{"from":[11.5,2.75,6.525],"to":[13.5,4.25,9.475],"faces":{"north":{"uv":[4,12,5,12.75],"texture":"#0"},"east":{"uv":[1,12,2.5,12.75],"texture":"#0"},"south":{"uv":[9.5,12,10.5,12.75],"texture":"#0"},"west":{"uv":[2.5,12,4,12.75],"texture":"#0"},"up":{"uv":[9.5,13,8.5,11.5],"texture":"#0"},"down":{"uv":[1,12,0,13.5],"texture":"#0"}}},{"from":[15.5,4,6.75],"to":[17.5,5,7.75],"faces":{"north":{"uv":[2.5,11,3.5,11.5],"texture":"#0"},"east":{"uv":[9.5,10,10,10.5],"texture":"#0"},"south":{"uv":[11.5,5.5,12.5,6],"texture":"#0"},"west":{"uv":[5,12,5.5,12.5],"texture":"#0"},"up":{"uv":[11.5,12.5,10.5,12],"texture":"#0"},"down":{"uv":[13,10.5,12,11],"texture":"#0"}}},{"from":[-1.75,2.4,2.5],"to":[-0.75,3.4,4.5],"rotation":{"angle":45,"axis":"y","origin":[0,0,0]},"faces":{"north":{"uv":[8,12.5,8.5,13],"texture":"#0"},"east":{"uv":[12,11,13,11.5],"texture":"#0"},"south":{"uv":[12.5,8.5,13,9],"texture":"#0"},"west":{"uv":[11.5,12,12.5,12.5],"texture":"#0"},"up":{"uv":[4,9,3.5,8],"texture":"#0"},"down":{"uv":[4,9,3.5,10],"texture":"#0"}}},{"from":[-3.35,2.4,2.5],"to":[-2.35,3.4,4.5],"rotation":{"angle":45,"axis":"y","origin":[0,0,0]},"faces":{"north":{"uv":[12.5,9,13,9.5],"texture":"#0"},"east":{"uv":[12,11.5,13,12],"texture":"#0"},"south":{"uv":[12.5,9.5,13,10],"texture":"#0"},"west":{"uv":[5,12.5,6,13],"texture":"#0"},"up":{"uv":[6.5,13.5,6,12.5],"texture":"#0"},"down":{"uv":[7,12.5,6.5,13.5],"texture":"#0"}}},{"from":[13,9.5,8.25],"to":[15,10.5,9.25],"rotation":{"angle":-22.5,"axis":"z","origin":[0,0,0]},"faces":{"north":{"uv":[12.5,5.5,13.5,6],"texture":"#0"},"east":{"uv":[12.5,10,13,10.5],"texture":"#0"},"south":{"uv":[7,12.5,8,13],"texture":"#0"},"west":{"uv":[10.5,12.5,11,13],"texture":"#0"},"up":{"uv":[13.5,8,12.5,7.5],"texture":"#0"},"down":{"uv":[13.5,8,12.5,8.5],"texture":"#0"}}},{"from":[5,6,5],"to":[11,7,11],"faces":{"north":{"uv":[11.5,2,14.5,2.5],"texture":"#0"},"east":{"uv":[2.5,11.5,5.5,12],"texture":"#0"},"south":{"uv":[11.5,2.5,14.5,3],"texture":"#0"},"west":{"uv":[11.5,3,14.5,3.5],"texture":"#0"},"up":{"uv":[7,10,4,7],"texture":"#0"},"down":{"uv":[10,7,7,10],"texture":"#0"}}}],"display":{"thirdperson_righthand":{"rotation":[90,-90,0],"translation":[-6,-17,13.5],"scale":[2.2,2.2,2.2]},"head":{"translation":[0,9,0],"scale":[2,2,2]}}}