{"credit":"MadewithBlockbench","texture_size":[32,32],"textures":{"0":"blocks/dragapult/texture","particle":"blocks/dragapult/texture"},"elements":[{"from":[5.5,11.5,6.5],"to":[10.5,12.5,10.5],"rotation":{"angle":0,"axis":"y","origin":[5.5,7.5,6.5]},"faces":{"north":{"uv":[11,8,13.5,8.5],"texture":"#0"},"east":{"uv":[11.5,1.5,13.5,2],"texture":"#0"},"south":{"uv":[11,8.5,13.5,9],"texture":"#0"},"west":{"uv":[11.5,2,13.5,2.5],"texture":"#0"},"up":{"uv":[6.5,9,4,7],"texture":"#0"},"down":{"uv":[9,7,6.5,9],"texture":"#0"}}},{"from":[6,5.5,8.25],"to":[10,11.5,11.25],"rotation":{"angle":0,"axis":"y","origin":[5.5,7.5,6.5]},"faces":{"north":{"uv":[0,7,2,10],"texture":"#0"},"east":{"uv":[8.5,0,10,3],"texture":"#0"},"south":{"uv":[2,7,4,10],"texture":"#0"},"west":{"uv":[8.5,3,10,6],"texture":"#0"},"up":{"uv":[6,10.5,4,9],"texture":"#0"},"down":{"uv":[8,9,6,10.5],"texture":"#0"}}},{"from":[5,5,7.75],"to":[7,8,10.75],"rotation":{"angle":0,"axis":"y","origin":[5.5,7.5,6.5]},"faces":{"north":{"uv":[5,10.5,6,12],"texture":"#0"},"east":{"uv":[10,2,11.5,3.5],"texture":"#0"},"south":{"uv":[6,10.5,7,12],"texture":"#0"},"west":{"uv":[10,3.5,11.5,5],"texture":"#0"},"up":{"uv":[8,12,7,10.5],"texture":"#0"},"down":{"uv":[9,10.5,8,12],"texture":"#0"}}},{"from":[7,2.25,8],"to":[9,5.25,10.75],"rotation":{"angle":-22.5,"axis":"x","origin":[5.5,7.5,6.5]},"faces":{"north":{"uv":[9,10.5,10,12],"texture":"#0"},"east":{"uv":[10,9,11.5,10.5],"texture":"#0"},"south":{"uv":[10,10.5,11,12],"texture":"#0"},"west":{"uv":[3.5,10.5,5,12],"texture":"#0"},"up":{"uv":[12,6.5,11,5],"texture":"#0"},"down":{"uv":[12,6.5,11,8],"texture":"#0"}}},{"from":[7.25,3.22366,9.89491],"to":[8.75,5.97366,13.89491],"rotation":{"angle":0,"axis":"x","origin":[5.5,1.72366,2.64491]},"faces":{"north":{"uv":[11.5,0,12.25,1.5],"texture":"#0"},"east":{"uv":[9,6,11,7.5],"texture":"#0"},"south":{"uv":[1,11.5,1.75,13],"texture":"#0"},"west":{"uv":[9,7.5,11,9],"texture":"#0"},"up":{"uv":[11.75,12.5,11,10.5],"texture":"#0"},"down":{"uv":[0.75,11.5,0,13.5],"texture":"#0"}}},{"from":[7.5,-1.46353,17.07904],"to":[8.5,1.28647,21.07904],"rotation":{"angle":-45,"axis":"x","origin":[5.5,-2.96353,9.82904]},"faces":{"north":{"uv":[12,2.5,12.5,4],"texture":"#0"},"east":{"uv":[8,9,10,10.5],"texture":"#0"},"south":{"uv":[3.5,12,4,13.5],"texture":"#0"},"west":{"uv":[0,10,2,11.5],"texture":"#0"},"up":{"uv":[12,4.5,11.5,2.5],"texture":"#0"},"down":{"uv":[2.5,12,2,14],"texture":"#0"}}},{"from":[8,6.05208,13.97333],"to":[8,10.05208,16.72333],"rotation":{"angle":0,"axis":"x","origin":[5.5,-1.19792,18.22333]},"faces":{"north":{"uv":[0,0,0,2],"texture":"#0"},"east":{"uv":[10,0,11.5,2],"texture":"#0"},"south":{"uv":[0,0,0,2],"texture":"#0"},"west":{"uv":[2,10,3.5,12],"texture":"#0"},"up":{"uv":[0,1.5,0,0],"texture":"#0"},"down":{"uv":[0,0,0,1.5],"texture":"#0"}}},{"from":[5.25,8.6,7.55],"to":[6.75,9.6,10.05],"rotation":{"angle":-22.5,"axis":"x","origin":[5.5,7.5,6.5]},"faces":{"north":{"uv":[14.5,7.75,15.25,8.25],"texture":"#0"},"east":{"uv":[13,6.75,14.25,7.25],"texture":"#0"},"south":{"uv":[14.5,7.25,15.25,7.75],"texture":"#0"},"west":{"uv":[7,15.25,8.25,15.75],"texture":"#0"},"up":{"uv":[13,10.25,12.25,9],"texture":"#0"},"down":{"uv":[13,10.25,12.25,11.5],"texture":"#0"}}},{"from":[3.5,11.5,8.5],"to":[4.5,12.5,11.5],"rotation":{"angle":0,"axis":"y","origin":[5.5,7.5,6.5]},"faces":{"north":{"uv":[3.5,10,4,10.5],"texture":"#0"},"east":{"uv":[11.5,4.5,13,5],"texture":"#0"},"south":{"uv":[8.5,12,9,12.5],"texture":"#0"},"west":{"uv":[4,12,5.5,12.5],"texture":"#0"},"up":{"uv":[12.5,6.5,12,5],"texture":"#0"},"down":{"uv":[6,12,5.5,13.5],"texture":"#0"}}},{"from":[1.5,11.5,10.5],"to":[2.5,12.5,12.5],"rotation":{"angle":0,"axis":"y","origin":[5.5,7.5,6.5]},"faces":{"north":{"uv":[9,12,9.5,12.5],"texture":"#0"},"east":{"uv":[10,5,11,5.5],"texture":"#0"},"south":{"uv":[9.5,12,10,12.5],"texture":"#0"},"west":{"uv":[10,5.5,11,6],"texture":"#0"},"up":{"uv":[9,7,8.5,6],"texture":"#0"},"down":{"uv":[12.5,6.5,12,7.5],"texture":"#0"}}},{"from":[11.5,11.5,8.5],"to":[12.5,12.5,11.5],"rotation":{"angle":0,"axis":"y","origin":[10.5,7.5,6.5]},"faces":{"north":{"uv":[4,10,3.5,10.5],"texture":"#0"},"east":{"uv":[5.5,12,4,12.5],"texture":"#0"},"south":{"uv":[9,12,8.5,12.5],"texture":"#0"},"west":{"uv":[13,4.5,11.5,5],"texture":"#0"},"up":{"uv":[12,6.5,12.5,5],"texture":"#0"},"down":{"uv":[5.5,12,6,13.5],"texture":"#0"}}},{"from":[13.5,11.5,10.5],"to":[14.5,12.5,12.5],"rotation":{"angle":0,"axis":"y","origin":[10.5,7.5,6.5]},"faces":{"north":{"uv":[9.5,12,9,12.5],"texture":"#0"},"east":{"uv":[11,5.5,10,6],"texture":"#0"},"south":{"uv":[10,12,9.5,12.5],"texture":"#0"},"west":{"uv":[11,5,10,5.5],"texture":"#0"},"up":{"uv":[8.5,7,9,6],"texture":"#0"},"down":{"uv":[12,6.5,12.5,7.5],"texture":"#0"}}},{"from":[9,5,7.75],"to":[11,8,10.75],"rotation":{"angle":0,"axis":"y","origin":[10.5,7.5,6.5]},"faces":{"north":{"uv":[6,10.5,5,12],"texture":"#0"},"east":{"uv":[11.5,3.5,10,5],"texture":"#0"},"south":{"uv":[7,10.5,6,12],"texture":"#0"},"west":{"uv":[11.5,2,10,3.5],"texture":"#0"},"up":{"uv":[7,12,8,10.5],"texture":"#0"},"down":{"uv":[8,10.5,9,12],"texture":"#0"}}},{"from":[9.25,8.6,7.55],"to":[10.75,9.6,10.05],"rotation":{"angle":-22.5,"axis":"x","origin":[10.5,7.5,6.5]},"faces":{"north":{"uv":[15.25,7.75,14.5,8.25],"texture":"#0"},"east":{"uv":[8.25,14.75,7,15.25],"texture":"#0"},"south":{"uv":[15.25,7.25,14.5,7.75],"texture":"#0"},"west":{"uv":[14.25,7.25,13,7.75],"texture":"#0"},"up":{"uv":[12.25,10.25,13,9],"texture":"#0"},"down":{"uv":[12.25,10.25,13,11.5],"texture":"#0"}}},{"from":[9.25,4.5,5.25],"to":[10.75,5.5,7.75],"rotation":{"angle":-22.5,"axis":"x","origin":[10.5,7.5,6.5]},"faces":{"north":{"uv":[8.25,12,7.5,12.5],"texture":"#0"},"east":{"uv":[7.25,12,6,12.5],"texture":"#0"},"south":{"uv":[12.75,7.5,12,8],"texture":"#0"},"west":{"uv":[13.25,4,12,4.5],"texture":"#0"},"up":{"uv":[11.5,10.25,12.25,9],"texture":"#0"},"down":{"uv":[2.5,12,3.25,13.25],"texture":"#0"}}},{"from":[5.25,4.5,5.25],"to":[6.75,5.5,7.75],"rotation":{"angle":-22.5,"axis":"x","origin":[5.5,7.5,6.5]},"faces":{"north":{"uv":[7.5,12,8.25,12.5],"texture":"#0"},"east":{"uv":[12,4,13.25,4.5],"texture":"#0"},"south":{"uv":[12,7.5,12.75,8],"texture":"#0"},"west":{"uv":[6,12,7.25,12.5],"texture":"#0"},"up":{"uv":[12.25,10.25,11.5,9],"texture":"#0"},"down":{"uv":[3.25,12,2.5,13.25],"texture":"#0"}}},{"from":[-0.5,11.7,6.5],"to":[16.5,11.7,13.5],"rotation":{"angle":0,"axis":"y","origin":[5.5,7.5,6.5]},"faces":{"north":{"uv":[0,0,8.5,0],"texture":"#0"},"east":{"uv":[0,0,3.5,0],"texture":"#0"},"south":{"uv":[0,0,8.5,0],"texture":"#0"},"west":{"uv":[0,0,3.5,0],"texture":"#0"},"up":{"uv":[8.5,3.5,0,0],"texture":"#0"},"down":{"uv":[8.5,3.5,0,7],"texture":"#0"}}}],"display":{"thirdperson_righthand":{"rotation":[90,-90,0],"translation":[-6,-14.25,13.5],"scale":[2.2,2.2,2.2]},"fixed":{"translation":[0.25,7,0],"scale":[2,2,2]}}}