{"credit":"MadewithBlockbench","texture_size":[64,64],"textures":{"0":"blocks/pikachu/texture","particle":"blocks/pikachu/texture"},"elements":[{"from":[5,9,6.25],"to":[11,15,12.25],"faces":{"north":{"uv":[5.25,2.5,6.75,4],"texture":"#0"},"east":{"uv":[5.25,4,6.75,5.5],"texture":"#0"},"south":{"uv":[0,5.5,1.5,7],"texture":"#0"},"west":{"uv":[1.5,5.5,3,7],"texture":"#0"},"up":{"uv":[4.5,7,3,5.5],"texture":"#0"},"down":{"uv":[6,5.5,4.5,7],"texture":"#0"}}},{"from":[-1,13,9.25],"to":[6,23,9.25],"rotation":{"angle":22.5,"axis":"y","origin":[0,0,0]},"faces":{"north":{"uv":[0,3,1.75,5.5],"texture":"#0"},"east":{"uv":[0,0,0,2.5],"texture":"#0"},"south":{"uv":[1.75,3,3.5,5.5],"texture":"#0"},"west":{"uv":[0,0,0,2.5],"texture":"#0"},"up":{"uv":[1.75,0,0,0],"texture":"#0"},"down":{"uv":[1.75,0,0,0],"texture":"#0"}}},{"from":[10,13,9.25],"to":[17,23,9.25],"rotation":{"angle":-22.5,"axis":"y","origin":[16,0,0]},"faces":{"north":{"uv":[1.75,3,0,5.5],"texture":"#0"},"east":{"uv":[0,0,0,2.5],"texture":"#0"},"south":{"uv":[3.5,3,1.75,5.5],"texture":"#0"},"west":{"uv":[0,0,0,2.5],"texture":"#0"},"up":{"uv":[0,0,1.75,0],"texture":"#0"},"down":{"uv":[0,0,1.75,0],"texture":"#0"}}},{"from":[4.85,-0.75,5.7],"to":[7.1,0.5,9.2],"rotation":{"angle":-22.5,"axis":"x","origin":[0,0,0]},"faces":{"north":{"uv":[4.5,2.5,5.125,2.875],"texture":"#0"},"east":{"uv":[7.5,5.5,8.375,5.875],"texture":"#0"},"south":{"uv":[8,2,8.625,2.375],"texture":"#0"},"west":{"uv":[7.5,6,8.375,6.375],"texture":"#0"},"up":{"uv":[7.375,5.375,6.75,4.5],"texture":"#0"},"down":{"uv":[3.625,7,3,7.875],"texture":"#0"}}},{"from":[8.95,-0.75,5.7],"to":[11.2,0.5,9.2],"rotation":{"angle":-22.5,"axis":"x","origin":[0,0,0]},"faces":{"north":{"uv":[8,2.5,8.625,2.875],"texture":"#0"},"east":{"uv":[7.5,6.5,8.375,6.875],"texture":"#0"},"south":{"uv":[3,8,3.625,8.375],"texture":"#0"},"west":{"uv":[7.5,7,8.375,7.375],"texture":"#0"},"up":{"uv":[4.375,7.875,3.75,7],"texture":"#0"},"down":{"uv":[5.125,7,4.5,7.875],"texture":"#0"}}},{"from":[12.45,0,7.85],"to":[13.7,3.5,10.1],"rotation":{"angle":22.5,"axis":"z","origin":[0,0,0.5]},"faces":{"north":{"uv":[6.25,1.5,6.625,2.375],"texture":"#0"},"east":{"uv":[5.25,7,5.875,7.875],"texture":"#0"},"south":{"uv":[7.5,7.5,7.875,8.375],"texture":"#0"},"west":{"uv":[6,7,6.625,7.875],"texture":"#0"},"up":{"uv":[8.375,3.625,8,3],"texture":"#0"},"down":{"uv":[4.125,8,3.75,8.625],"texture":"#0"}}},{"from":[2.3,0,7.85],"to":[3.55,3.5,10.1],"rotation":{"angle":-22.5,"axis":"z","origin":[16,0,0.5]},"faces":{"north":{"uv":[7.75,0,8.125,0.875],"texture":"#0"},"east":{"uv":[6.75,7,7.375,7.875],"texture":"#0"},"south":{"uv":[8,1,8.375,1.875],"texture":"#0"},"west":{"uv":[7.5,4.5,8.125,5.375],"texture":"#0"},"up":{"uv":[8.375,4.375,8,3.75],"texture":"#0"},"down":{"uv":[4.625,8,4.25,8.625],"texture":"#0"}}},{"from":[5.25,3,7],"to":[10.75,9.1,12],"faces":{"north":{"uv":[6,5.5,7.375,7],"texture":"#0"},"east":{"uv":[6.75,1.5,8,3],"texture":"#0"},"south":{"uv":[6.25,0,7.625,1.5],"texture":"#0"},"west":{"uv":[6.75,3,8,4.5],"texture":"#0"},"up":{"uv":[1.375,8.25,0,7],"texture":"#0"},"down":{"uv":[2.875,7,1.5,8.25],"texture":"#0"}}},{"from":[8,3,11],"to":[8,15.1,20],"faces":{"north":{"uv":[0,0,0,3],"texture":"#0"},"east":{"uv":[0,0,2.25,3],"texture":"#0"},"south":{"uv":[0,0,0,3],"texture":"#0"},"west":{"uv":[2.25,0,4.5,3],"texture":"#0"},"up":{"uv":[0,2.25,0,0],"texture":"#0"},"down":{"uv":[0,0,0,2.25],"texture":"#0"}}}],"display":{"thirdperson_righthand":{"rotation":[90,-90,0],"translation":[-6,-14.25,13.5],"scale":[2.2,2.2,2.2]},"fixed":{"translation":[0.25,7,0],"scale":[2,2,2]}}}