{"credit":"MadewithBlockbench","texture_size":[64,64],"textures":{"3":"blocks/galacticpick/texture","4":"blocks/galacticpick/pickaxe","particle":"blocks/galacticpick/texture"},"elements":[{"from":[8,1.1,7],"to":[9,20.1,8],"faces":{"north":{"uv":[0,0,1,13],"texture":"#4"},"east":{"uv":[0,0,1,13],"texture":"#4"},"south":{"uv":[0,0,1,13],"texture":"#4"},"west":{"uv":[0,0,1,13],"texture":"#4"},"up":{"uv":[0,0,0.25,0.25],"texture":"#4"},"down":{"uv":[0,0,0.25,0.25],"texture":"#4"}}},{"from":[7.75,0.75,6.75],"to":[9.25,2,8.25],"faces":{"north":{"uv":[0,0,0.375,0.3125],"texture":"#4"},"east":{"uv":[0,0,0.375,0.3125],"texture":"#4"},"south":{"uv":[0,0,0.375,0.3125],"texture":"#4"},"west":{"uv":[0,0,0.375,0.3125],"texture":"#4"},"up":{"uv":[0,0,0.375,0.375],"texture":"#4"},"down":{"uv":[0,0,0.375,0.375],"texture":"#4"}}},{"from":[7.75,15.25,6.75],"to":[9.25,17,8.25],"rotation":{"angle":0,"axis":"y","origin":[0,4,0]},"faces":{"north":{"uv":[0,0,0.375,0.4375],"texture":"#4"},"east":{"uv":[0,0,0.375,0.4375],"texture":"#4"},"south":{"uv":[0,0,0.375,0.4375],"texture":"#4"},"west":{"uv":[0,0,0.375,0.4375],"texture":"#4"},"up":{"uv":[0,0,0.375,0.375],"texture":"#4"},"down":{"uv":[0,0,0.375,0.375],"texture":"#4"}}},{"from":[7,7.525,16.65],"to":[9.95,10.975,17.65],"rotation":{"angle":-45,"axis":"x","origin":[0,4,0]},"faces":{"north":{"uv":[6,0.5,6.875,1.375],"texture":"#4"},"east":{"uv":[7.5,0.5,7.75,1.375],"texture":"#4"},"south":{"uv":[7.5,0,8,1.5],"texture":"#4"},"west":{"uv":[7.5,0.5,7.75,1.375],"texture":"#4"},"up":{"uv":[6,1.5,6.875,1.75],"texture":"#4"},"down":{"uv":[6,1.5,6.875,1.75],"texture":"#4"}}},{"from":[7.4925,-3.1122,5.1863],"to":[9.4945,-1.1388,5.7583],"rotation":{"angle":-45,"axis":"x","origin":[3.424,2.288,3.424]},"faces":{"north":{"uv":[6,0.5,6.875,1.375],"texture":"#4"},"east":{"uv":[7.5,0.5,7.75,1.375],"texture":"#4"},"south":{"uv":[7.5,0,8,1.5],"texture":"#4"},"west":{"uv":[7.5,0.5,7.75,1.375],"texture":"#4"},"up":{"uv":[6,1.5,6.875,1.75],"texture":"#4"},"down":{"uv":[6,1.5,6.875,1.75],"texture":"#4"}}},{"from":[7,27.86751,15.986],"to":[9.95,28.86751,19.486],"rotation":{"angle":-45,"axis":"x","origin":[0,10.71751,22.486]},"faces":{"north":{"uv":[0,0,0.875,0.25],"rotation":180,"texture":"#4"},"east":{"uv":[7.5,0.5,7.75,1.375],"rotation":270,"texture":"#4"},"south":{"uv":[0,0,0.875,0.25],"texture":"#4"},"west":{"uv":[7,0.5,7.25,1.375],"rotation":90,"texture":"#4"},"up":{"uv":[7.5,0,8,1.5],"rotation":180,"texture":"#4"},"down":{"uv":[0,0,0.875,0.875],"rotation":180,"texture":"#4"}}},{"from":[7.4925,8.52372,4.80649],"to":[9.4945,9.09572,6.80849],"rotation":{"angle":-45,"axis":"x","origin":[3.424,6.13042,16.28599]},"faces":{"north":{"uv":[0,0,0.875,0.25],"rotation":180,"texture":"#4"},"east":{"uv":[7.5,0.5,7.75,1.375],"rotation":270,"texture":"#4"},"south":{"uv":[0,0,0.875,0.25],"texture":"#4"},"west":{"uv":[7,0.5,7.25,1.375],"rotation":90,"texture":"#4"},"up":{"uv":[7.5,0,8,1.5],"rotation":180,"texture":"#4"},"down":{"uv":[0,0,0.875,0.875],"rotation":180,"texture":"#4"}}},{"from":[7,7.525,14.175],"to":[9.95,10,15.15],"rotation":{"angle":-45,"axis":"x","origin":[0,4,0]},"faces":{"north":{"uv":[5.5,0.5,6.375,1.375],"texture":"#4"},"east":{"uv":[6,0.5,6.25,1.375],"texture":"#4"},"south":{"uv":[6,0.5,6.875,1.375],"texture":"#4"},"west":{"uv":[6,1,6.25,1.875],"texture":"#4"},"up":{"uv":[5.5,1,6.375,1.25],"texture":"#4"},"down":{"uv":[6,1,6.875,1.25],"texture":"#4"}}},{"from":[7.4925,-3.1122,3.7706],"to":[9.4945,-1.6965,4.3283],"rotation":{"angle":-45,"axis":"x","origin":[3.424,2.288,3.424]},"faces":{"north":{"uv":[5.5,0.5,6.375,1.375],"texture":"#4"},"east":{"uv":[6,0.5,6.25,1.375],"texture":"#4"},"south":{"uv":[6,0.5,6.875,1.375],"texture":"#4"},"west":{"uv":[6,1,6.25,1.875],"texture":"#4"},"up":{"uv":[5.5,1,6.375,1.25],"texture":"#4"},"down":{"uv":[6,1,6.875,1.25],"texture":"#4"}}},{"from":[7,25.39251,16.986],"to":[9.95,26.36751,18.486],"rotation":{"angle":-45,"axis":"x","origin":[0,10.71751,22.486]},"faces":{"north":{"uv":[5.5,1,6.375,1.25],"rotation":180,"texture":"#4"},"east":{"uv":[6.5,1,6.75,1.875],"rotation":90,"texture":"#4"},"south":{"uv":[5.5,1,6.375,1.25],"texture":"#4"},"west":{"uv":[6,0.5,6.25,1.375],"rotation":270,"texture":"#4"},"up":{"uv":[6,0.5,6.875,1.375],"texture":"#4"},"down":{"uv":[5.5,0.5,6.375,1.375],"rotation":180,"texture":"#4"}}},{"from":[7.4925,7.10802,5.37849],"to":[9.4945,7.66572,6.23649],"rotation":{"angle":-45,"axis":"x","origin":[3.424,6.13042,16.28599]},"faces":{"north":{"uv":[5.5,1,6.375,1.25],"rotation":180,"texture":"#4"},"east":{"uv":[6.5,1,6.75,1.875],"rotation":90,"texture":"#4"},"south":{"uv":[5.5,1,6.375,1.25],"texture":"#4"},"west":{"uv":[6,0.5,6.25,1.375],"rotation":270,"texture":"#4"},"up":{"uv":[6,0.5,6.875,1.375],"texture":"#4"},"down":{"uv":[5.5,0.5,6.375,1.375],"rotation":180,"texture":"#4"}}},{"from":[7.25,25.86751,16.486],"to":[9.75,28.36751,18.986],"rotation":{"angle":-45,"axis":"x","origin":[0,10.71751,22.486]},"faces":{"north":{"uv":[0,0,0.625,0.625],"rotation":180,"texture":"#4"},"east":{"uv":[10.5,3.5,11.5,4.5],"rotation":90,"texture":"#4"},"south":{"uv":[0,0,0.625,0.625],"texture":"#4"},"west":{"uv":[10.5,3.5,11.5,4.5],"rotation":180,"texture":"#4"},"up":{"uv":[0,0,0.625,0.625],"texture":"#4"},"down":{"uv":[0,0,0.625,0.625],"rotation":180,"texture":"#4"}}},{"from":[7.7785,7.37972,5.09249],"to":[9.2085,8.80972,6.52249],"rotation":{"angle":-45,"axis":"x","origin":[3.424,6.13042,16.28599]},"faces":{"north":{"uv":[0,0,0.625,0.625],"rotation":180,"texture":"#4"},"east":{"uv":[10.5,3.5,11.5,4.5],"rotation":90,"texture":"#4"},"south":{"uv":[0,0,0.625,0.625],"texture":"#4"},"west":{"uv":[10.5,3.5,11.5,4.5],"rotation":180,"texture":"#4"},"up":{"uv":[0,0,0.625,0.625],"texture":"#4"},"down":{"uv":[0,0,0.625,0.625],"rotation":180,"texture":"#4"}}},{"from":[7.75,17.1,3.8],"to":[9.25,20.35,6.8],"rotation":{"angle":0,"axis":"y","origin":[0,4,0]},"faces":{"north":{"uv":[3,0,4,2],"texture":"#4"},"east":{"uv":[7,0,9,2],"texture":"#4"},"south":{"uv":[0,0,0.375,0.8125],"texture":"#4"},"west":{"uv":[6.5,0,8.5,2],"texture":"#4"},"up":{"uv":[4.5,0,5.5,2],"texture":"#4"},"down":{"uv":[5.5,0,6.5,2],"texture":"#4"}}},{"from":[7.75,17.1,8.2],"to":[9.25,20.35,11.2],"rotation":{"angle":0,"axis":"y","origin":[0,4,16]},"faces":{"north":{"uv":[0.375,0,0,0.8125],"texture":"#4"},"east":{"uv":[9,0,7,2],"texture":"#4"},"south":{"uv":[4,0,3,2],"texture":"#4"},"west":{"uv":[8.5,0,6.5,2],"texture":"#4"},"up":{"uv":[4.5,2,5.5,0],"texture":"#4"},"down":{"uv":[5.5,2,6.5,0],"texture":"#4"}}},{"from":[6.38,16.384,5.516],"to":[10.34,16.409,9.476],"rotation":{"angle":0,"axis":"y","origin":[2.24,0,2.024]},"faces":{"north":{"uv":[0,0,1.375,0],"rotation":180,"texture":"#3"},"east":{"uv":[0,0,0,1.375],"rotation":270,"texture":"#3"},"south":{"uv":[0,0,1.375,0],"texture":"#3"},"west":{"uv":[0,0,0,1.375],"rotation":90,"texture":"#3"},"up":{"uv":[13.5,0,16,2.5],"rotation":180,"texture":"#3"},"down":{"uv":[13.5,0,16,2.5],"texture":"#3"}}},{"from":[6.38,21.784,5.516],"to":[10.34,21.809,9.476],"rotation":{"angle":0,"axis":"y","origin":[2.24,0,2.024]},"faces":{"north":{"uv":[0,0,1.375,0],"rotation":180,"texture":"#3"},"east":{"uv":[0,0,0,1.375],"rotation":270,"texture":"#3"},"south":{"uv":[0,0,1.375,0],"texture":"#3"},"west":{"uv":[0,0,0,1.375],"rotation":90,"texture":"#3"},"up":{"uv":[13.5,0,16,2.5],"rotation":180,"texture":"#3"},"down":{"uv":[13.5,0,16,2.5],"texture":"#3"}}},{"from":[6.866,15.7688,6.2612],"to":[9.638,15.7938,9.0332],"rotation":{"angle":0,"axis":"y","origin":[3.968,0,3.8168]},"faces":{"north":{"uv":[0,0,1.375,0],"rotation":180,"texture":"#3"},"east":{"uv":[0,0,0,1.375],"rotation":270,"texture":"#3"},"south":{"uv":[0,0,1.375,0],"texture":"#3"},"west":{"uv":[0,0,0,1.375],"rotation":90,"texture":"#3"},"up":{"uv":[13.5,0,16,2.5],"rotation":180,"texture":"#3"},"down":{"uv":[13.5,0,16,2.5],"texture":"#3"}}},{"from":[8.5,14.1,-2.95],"to":[8.525,20.35,3.8],"rotation":{"angle":0,"axis":"y","origin":[0,4,0]},"faces":{"north":{"uv":[11.5,14.5,11.5,16.0625],"texture":"#4"},"east":{"uv":[11.5,12,16,16],"texture":"#4"},"south":{"uv":[11.5,14.5,11.5,16.0625],"texture":"#4"},"west":{"uv":[7,12,11.5,16],"texture":"#4"},"up":{"uv":[11.5,14.5,11.5,16.1875],"texture":"#4"},"down":{"uv":[11.5,14.5,11.5,16.1875],"texture":"#4"}}},{"from":[8.5,14.1,11.2],"to":[8.525,20.35,17.95],"rotation":{"angle":0,"axis":"y","origin":[0,4,16]},"faces":{"north":{"uv":[11.5,14.5,11.5,16.0625],"texture":"#4"},"east":{"uv":[16,12,11.5,16],"texture":"#4"},"south":{"uv":[11.5,14.5,11.5,16.0625],"texture":"#4"},"west":{"uv":[11.5,12,7,16],"texture":"#4"},"up":{"uv":[11.5,14.5,11.5,12.8125],"texture":"#4"},"down":{"uv":[11.5,14.5,11.5,12.8125],"texture":"#4"}}}],"display":{"thirdperson":{"translation":[0,0,-1],"rotation":[75,0,175],"scale":[1.3,1.3,1.3]},"firstperson":{"rotation":[0,150,0],"translation":[0,3,3],"scale":[1,1,1]},"ground":{"translation":[0,2,0],"scale":[0.5,0.5,0.5]},"gui":{"rotation":[0,20,0],"translation":[0,-1,0],"scale":[1,1,1]},"head":{"rotation":[0,180,0],"translation":[0,13,7]},"fixed":{"rotation":[0,-90,0],"translation":[-0.5,-1.75,-1.25]}},"groups":[{"name":"group","origin":[0,0,0],"children":[0,1,2,3,4,5,6,7,8,9,10,11,12,13,14,15,16,17,18,19]}]}