{"credit":"MadewithBlockbench","texture_size":[32,32],"textures":{"0":"Images:MythoniaXAnubis/Vanilluxe/texture","particle":"Images:MythoniaXAnubis/Vanilluxe/texture"},"elements":[{"from":[7.5,-0.5,7.5],"to":[8.5,0.5,8.5],"rotation":{"angle":0,"axis":"y","origin":[-0.5,7.5,0.5]},"faces":{"north":{"uv":[5,11,5.5,11.5],"texture":"#0"},"east":{"uv":[11,7.5,11.5,8],"texture":"#0"},"south":{"uv":[11,9.5,11.5,10],"texture":"#0"},"west":{"uv":[11,10,11.5,10.5],"texture":"#0"},"up":{"uv":[12,0.5,11.5,0],"texture":"#0"},"down":{"uv":[12,0.5,11.5,1],"texture":"#0"}}},{"from":[5,4.75,5.5],"to":[6,5.75,6.5],"rotation":{"angle":0,"axis":"y","origin":[-0.5,7.5,0.5]},"faces":{"north":{"uv":[6,11.5,6.5,12],"texture":"#0"},"east":{"uv":[6.5,11.5,7,12],"texture":"#0"},"south":{"uv":[7,11.5,7.5,12],"texture":"#0"},"west":{"uv":[7.5,11.5,8,12],"texture":"#0"},"up":{"uv":[12,8,11.5,7.5],"texture":"#0"},"down":{"uv":[8.5,11.5,8,12],"texture":"#0"}}},{"from":[6.75,5.25,5.5],"to":[7.25,5.75,6.5],"rotation":{"angle":0,"axis":"y","origin":[-0.5,7.5,0.5]},"faces":{"north":{"uv":[11.5,9.5,11.75,9.75],"texture":"#0"},"east":{"uv":[11.5,8.5,12,8.75],"texture":"#0"},"south":{"uv":[10,11.5,10.25,11.75],"texture":"#0"},"west":{"uv":[9,11.5,9.5,11.75],"texture":"#0"},"up":{"uv":[11.75,9.5,11.5,9],"texture":"#0"},"down":{"uv":[9.75,11.5,9.5,12],"texture":"#0"}}},{"from":[5,5.5,3.75],"to":[6.5,6.5,4.75],"rotation":{"angle":-22.5,"axis":"y","origin":[-0.5,7.5,0.5]},"faces":{"north":{"uv":[10.5,9,11.25,9.5],"texture":"#0"},"east":{"uv":[11.5,8,12,8.5],"texture":"#0"},"south":{"uv":[11,6,11.75,6.5],"texture":"#0"},"west":{"uv":[8.5,11.5,9,12],"texture":"#0"},"up":{"uv":[11.75,7,11,6.5],"texture":"#0"},"down":{"uv":[11.75,7,11,7.5],"texture":"#0"}}},{"from":[6.75,5.25,9.5],"to":[7.25,5.75,10.5],"rotation":{"angle":0,"axis":"y","origin":[-0.5,7.5,15.5]},"faces":{"north":{"uv":[10.25,11.5,10,11.75],"texture":"#0"},"east":{"uv":[12,8.5,11.5,8.75],"texture":"#0"},"south":{"uv":[11.75,9.5,11.5,9.75],"texture":"#0"},"west":{"uv":[9.5,11.5,9,11.75],"texture":"#0"},"up":{"uv":[11.75,9,11.5,9.5],"texture":"#0"},"down":{"uv":[9.75,12,9.5,11.5],"texture":"#0"}}},{"from":[5,4.75,9.5],"to":[6,5.75,10.5],"rotation":{"angle":0,"axis":"y","origin":[-0.5,7.5,15.5]},"faces":{"north":{"uv":[7.5,11.5,7,12],"texture":"#0"},"east":{"uv":[7,11.5,6.5,12],"texture":"#0"},"south":{"uv":[6.5,11.5,6,12],"texture":"#0"},"west":{"uv":[8,11.5,7.5,12],"texture":"#0"},"up":{"uv":[12,7.5,11.5,8],"texture":"#0"},"down":{"uv":[8.5,12,8,11.5],"texture":"#0"}}},{"from":[5,5.5,11.25],"to":[6.5,6.5,12.25],"rotation":{"angle":22.5,"axis":"y","origin":[-0.5,7.5,15.5]},"faces":{"north":{"uv":[11.75,6,11,6.5],"texture":"#0"},"east":{"uv":[12,8,11.5,8.5],"texture":"#0"},"south":{"uv":[11.25,9,10.5,9.5],"texture":"#0"},"west":{"uv":[9,11.5,8.5,12],"texture":"#0"},"up":{"uv":[11.75,6.5,11,7],"texture":"#0"},"down":{"uv":[11.75,7.5,11,7],"texture":"#0"}}},{"from":[7.25,0.5,7.25],"to":[8.75,2.5,8.75],"rotation":{"angle":0,"axis":"y","origin":[-0.5,7.5,0.5]},"faces":{"north":{"uv":[8,6.5,8.75,7.5],"texture":"#0"},"east":{"uv":[10,3.5,10.75,4.5],"texture":"#0"},"south":{"uv":[4.5,10,5.25,11],"texture":"#0"},"west":{"uv":[10,4.5,10.75,5.5],"texture":"#0"},"up":{"uv":[0.75,11.75,0,11],"texture":"#0"},"down":{"uv":[1.75,11,1,11.75],"texture":"#0"}}},{"from":[4.25,2.5,7.25],"to":[5.75,4.5,8.75],"rotation":{"angle":0,"axis":"y","origin":[-0.5,7.5,0.5]},"faces":{"north":{"uv":[10,5.5,10.75,6.5],"texture":"#0"},"east":{"uv":[10,9.5,10.75,10.5],"texture":"#0"},"south":{"uv":[10.5,1,11.25,2],"texture":"#0"},"west":{"uv":[10.5,2,11.25,3],"texture":"#0"},"up":{"uv":[2.75,11.75,2,11],"texture":"#0"},"down":{"uv":[3.75,11,3,11.75],"texture":"#0"}}},{"from":[6.75,2.5,6.75],"to":[9.25,4.5,9.25],"rotation":{"angle":0,"axis":"y","origin":[-0.5,7.5,0.5]},"faces":{"north":{"uv":[8.5,9.5,9.75,10.5],"texture":"#0"},"east":{"uv":[10,0,11.25,1],"texture":"#0"},"south":{"uv":[1.5,10,2.75,11],"texture":"#0"},"west":{"uv":[3,10,4.25,11],"texture":"#0"},"up":{"uv":[10.25,9.25,9,8],"texture":"#0"},"down":{"uv":[1.25,9.5,0,10.75],"texture":"#0"}}},{"from":[4,4.5,6.25],"to":[12,7.5,9.75],"rotation":{"angle":0,"axis":"y","origin":[-0.5,7.5,0.5]},"faces":{"north":{"uv":[0,4,4,5.5],"texture":"#0"},"east":{"uv":[3.5,8.5,5.25,10],"texture":"#0"},"south":{"uv":[4,0,8,1.5],"texture":"#0"},"west":{"uv":[9,6.5,10.75,8],"texture":"#0"},"up":{"uv":[4,1.75,0,0],"texture":"#0"},"down":{"uv":[4,2,0,3.75],"texture":"#0"}}},{"from":[4.25,7.2,6.5],"to":[8,10.2,9.5],"rotation":{"angle":0,"axis":"y","origin":[-0.5,7.2,0.5]},"faces":{"north":{"uv":[6,2,8,3.5],"texture":"#0"},"east":{"uv":[6,7.5,7.5,9.5],"texture":"#0"},"south":{"uv":[6,4,8,5.5],"texture":"#0"},"west":{"uv":[7.5,7.5,9,9.5],"texture":"#0"},"up":{"uv":[2,9.5,0,8],"texture":"#0"},"down":{"uv":[10,0,8,1.5],"texture":"#0"}}},{"from":[4.75,5.5,7.5],"to":[6,9.5,8.75],"rotation":{"angle":45,"axis":"z","origin":[-0.5,7.5,0.5]},"faces":{"north":{"uv":[9.5,1.5,10.25,3.5],"texture":"#0"},"east":{"uv":[5.5,9.5,6.25,11.5],"texture":"#0"},"south":{"uv":[6.5,9.5,7.25,11.5],"texture":"#0"},"west":{"uv":[7.5,9.5,8.25,11.5],"texture":"#0"},"up":{"uv":[11.75,3.75,11,3],"texture":"#0"},"down":{"uv":[4.75,11,4,11.75],"texture":"#0"}}},{"from":[4.25,12.25,4.75],"to":[8,16.5,4.75],"rotation":{"angle":22.5,"axis":"x","origin":[-0.5,6.5,0.5]},"faces":{"north":{"uv":[4,1.5,6,3.75],"texture":"#0"},"east":{"uv":[0,0,0,2.25],"texture":"#0"},"south":{"uv":[4,4,6,6.25],"texture":"#0"},"west":{"uv":[0,0,0,2.25],"texture":"#0"},"up":{"uv":[2,0,0,0],"texture":"#0"},"down":{"uv":[2,0,0,0],"texture":"#0"}}},{"from":[4.25,12.25,11.25],"to":[8,16.5,11.25],"rotation":{"angle":-22.5,"axis":"x","origin":[-0.5,6.5,15.5]},"faces":{"north":{"uv":[6,4,4,6.25],"texture":"#0"},"east":{"uv":[0,0,0,2.25],"texture":"#0"},"south":{"uv":[6,1.5,4,3.75],"texture":"#0"},"west":{"uv":[0,0,0,2.25],"texture":"#0"},"up":{"uv":[2,0,0,0],"texture":"#0"},"down":{"uv":[2,0,0,0],"texture":"#0"}}},{"from":[10.25,2.5,7.25],"to":[11.75,4.5,8.75],"rotation":{"angle":0,"axis":"y","origin":[16.5,7.5,0.5]},"faces":{"north":{"uv":[10.75,5.5,10,6.5],"texture":"#0"},"east":{"uv":[11.25,2,10.5,3],"texture":"#0"},"south":{"uv":[11.25,1,10.5,2],"texture":"#0"},"west":{"uv":[10.75,9.5,10,10.5],"texture":"#0"},"up":{"uv":[2,11.75,2.75,11],"texture":"#0"},"down":{"uv":[3,11,3.75,11.75],"texture":"#0"}}},{"from":[10.5,1.5,7.5],"to":[11.5,2.5,8.5],"rotation":{"angle":0,"axis":"y","origin":[16.5,7.5,0.5]},"faces":{"north":{"uv":[12,1,11.5,1.5],"texture":"#0"},"east":{"uv":[12,2.5,11.5,3],"texture":"#0"},"south":{"uv":[12,2,11.5,2.5],"texture":"#0"},"west":{"uv":[12,1.5,11.5,2],"texture":"#0"},"up":{"uv":[5,12,5.5,11.5],"texture":"#0"},"down":{"uv":[5.5,11.5,6,12],"texture":"#0"}}},{"from":[4.5,1.5,7.5],"to":[5.5,2.5,8.5],"rotation":{"angle":0,"axis":"y","origin":[16.5,7.5,0.5]},"faces":{"north":{"uv":[12,1,11.5,1.5],"texture":"#0"},"east":{"uv":[12,2.5,11.5,3],"texture":"#0"},"south":{"uv":[12,2,11.5,2.5],"texture":"#0"},"west":{"uv":[12,1.5,11.5,2],"texture":"#0"},"up":{"uv":[5,12,5.5,11.5],"texture":"#0"},"down":{"uv":[5.5,11.5,6,12],"texture":"#0"}}},{"from":[8.75,5.25,5.5],"to":[9.25,5.75,6.5],"rotation":{"angle":0,"axis":"y","origin":[16.5,7.5,0.5]},"faces":{"north":{"uv":[11.75,9.5,11.5,9.75],"texture":"#0"},"east":{"uv":[9.5,11.5,9,11.75],"texture":"#0"},"south":{"uv":[10.25,11.5,10,11.75],"texture":"#0"},"west":{"uv":[12,8.5,11.5,8.75],"texture":"#0"},"up":{"uv":[11.5,9.5,11.75,9],"texture":"#0"},"down":{"uv":[9.5,11.5,9.75,12],"texture":"#0"}}},{"from":[10,4.75,5.5],"to":[11,5.75,6.5],"rotation":{"angle":0,"axis":"y","origin":[16.5,7.5,0.5]},"faces":{"north":{"uv":[6.5,11.5,6,12],"texture":"#0"},"east":{"uv":[8,11.5,7.5,12],"texture":"#0"},"south":{"uv":[7.5,11.5,7,12],"texture":"#0"},"west":{"uv":[7,11.5,6.5,12],"texture":"#0"},"up":{"uv":[11.5,8,12,7.5],"texture":"#0"},"down":{"uv":[8,11.5,8.5,12],"texture":"#0"}}},{"from":[9.5,5.5,3.75],"to":[11,6.5,4.75],"rotation":{"angle":22.5,"axis":"y","origin":[16.5,7.5,0.5]},"faces":{"north":{"uv":[11.25,9,10.5,9.5],"texture":"#0"},"east":{"uv":[9,11.5,8.5,12],"texture":"#0"},"south":{"uv":[11.75,6,11,6.5],"texture":"#0"},"west":{"uv":[12,8,11.5,8.5],"texture":"#0"},"up":{"uv":[11,7,11.75,6.5],"texture":"#0"},"down":{"uv":[11,7,11.75,7.5],"texture":"#0"}}},{"from":[9.5,5.5,11.25],"to":[11,6.5,12.25],"rotation":{"angle":-22.5,"axis":"y","origin":[16.5,7.5,15.5]},"faces":{"north":{"uv":[11,6,11.75,6.5],"texture":"#0"},"east":{"uv":[8.5,11.5,9,12],"texture":"#0"},"south":{"uv":[10.5,9,11.25,9.5],"texture":"#0"},"west":{"uv":[11.5,8,12,8.5],"texture":"#0"},"up":{"uv":[11,6.5,11.75,7],"texture":"#0"},"down":{"uv":[11,7.5,11.75,7],"texture":"#0"}}},{"from":[10,4.75,9.5],"to":[11,5.75,10.5],"rotation":{"angle":0,"axis":"y","origin":[16.5,7.5,15.5]},"faces":{"north":{"uv":[7,11.5,7.5,12],"texture":"#0"},"east":{"uv":[7.5,11.5,8,12],"texture":"#0"},"south":{"uv":[6,11.5,6.5,12],"texture":"#0"},"west":{"uv":[6.5,11.5,7,12],"texture":"#0"},"up":{"uv":[11.5,7.5,12,8],"texture":"#0"},"down":{"uv":[8,12,8.5,11.5],"texture":"#0"}}},{"from":[8.75,5.25,9.5],"to":[9.25,5.75,10.5],"rotation":{"angle":0,"axis":"y","origin":[16.5,7.5,15.5]},"faces":{"north":{"uv":[10,11.5,10.25,11.75],"texture":"#0"},"east":{"uv":[9,11.5,9.5,11.75],"texture":"#0"},"south":{"uv":[11.5,9.5,11.75,9.75],"texture":"#0"},"west":{"uv":[11.5,8.5,12,8.75],"texture":"#0"},"up":{"uv":[11.5,9,11.75,9.5],"texture":"#0"},"down":{"uv":[9.5,12,9.75,11.5],"texture":"#0"}}},{"from":[8,7.2,6.5],"to":[11.75,10.2,9.5],"rotation":{"angle":0,"axis":"y","origin":[16.5,7.2,0.5]},"faces":{"north":{"uv":[8,2,6,3.5],"texture":"#0"},"east":{"uv":[9,7.5,7.5,9.5],"texture":"#0"},"south":{"uv":[8,4,6,5.5],"texture":"#0"},"west":{"uv":[7.5,7.5,6,9.5],"texture":"#0"},"up":{"uv":[0,9.5,2,8],"texture":"#0"},"down":{"uv":[8,0,10,1.5],"texture":"#0"}}},{"from":[8,12.25,11.25],"to":[11.75,16.5,11.25],"rotation":{"angle":-22.5,"axis":"x","origin":[16.5,6.5,15.5]},"faces":{"north":{"uv":[4,4,6,6.25],"texture":"#0"},"east":{"uv":[0,0,0,2.25],"texture":"#0"},"south":{"uv":[4,1.5,6,3.75],"texture":"#0"},"west":{"uv":[0,0,0,2.25],"texture":"#0"},"up":{"uv":[0,0,2,0],"texture":"#0"},"down":{"uv":[0,0,2,0],"texture":"#0"}}},{"from":[8,12.25,4.75],"to":[11.75,16.5,4.75],"rotation":{"angle":22.5,"axis":"x","origin":[16.5,6.5,0.5]},"faces":{"north":{"uv":[6,1.5,4,3.75],"texture":"#0"},"east":{"uv":[0,0,0,2.25],"texture":"#0"},"south":{"uv":[6,4,4,6.25],"texture":"#0"},"west":{"uv":[0,0,0,2.25],"texture":"#0"},"up":{"uv":[0,0,2,0],"texture":"#0"},"down":{"uv":[0,0,2,0],"texture":"#0"}}}],"display":{"head":{"translation":[0,3.75,0],"scale":[2,2,2]}}}