{"credit":"MadewithBlockbench","texture_size":[64,64],"textures":{"0":"blocks/rypherior/texture","particle":"blocks/rypherior/texture"},"elements":[{"from":[4,5,4],"to":[12,14,11],"rotation":{"angle":0,"axis":"y","origin":[0,3,0]},"faces":{"north":{"uv":[0,0,2,2.25],"texture":"#0"},"east":{"uv":[4,0,5.75,2.25],"texture":"#0"},"south":{"uv":[2,0,4,2.25],"texture":"#0"},"west":{"uv":[0,4.25,1.75,6.5],"texture":"#0"},"up":{"uv":[3.75,6,1.75,4.25],"texture":"#0"},"down":{"uv":[5.75,4.25,3.75,6],"texture":"#0"}}},{"from":[1.8,2.5,4.4],"to":[5.2,8.4,10.6],"rotation":{"angle":0,"axis":"y","origin":[0,3,0]},"faces":{"north":{"uv":[0,8.75,0.875,10.25],"texture":"#0"},"east":{"uv":[1.75,6,3.25,7.5],"texture":"#0"},"south":{"uv":[5.25,9.25,6.125,10.75],"texture":"#0"},"west":{"uv":[6,1.75,7.5,3.25],"texture":"#0"},"up":{"uv":[7.125,10.75,6.25,9.25],"texture":"#0"},"down":{"uv":[8.125,9.25,7.25,10.75],"texture":"#0"}}},{"from":[1.85,-0.55,2.3],"to":[5.125,2.9,8.5],"rotation":{"angle":-22.5,"axis":"x","origin":[0,3,0]},"faces":{"north":{"uv":[4,10.25,4.875,11.125],"texture":"#0"},"east":{"uv":[9,0,10.5,0.875],"texture":"#0"},"south":{"uv":[10.25,6.25,11.125,7.125],"texture":"#0"},"west":{"uv":[9.25,2.25,10.75,3.125],"texture":"#0"},"up":{"uv":[9.125,10.75,8.25,9.25],"texture":"#0"},"down":{"uv":[10.125,9.25,9.25,10.75],"texture":"#0"}}},{"from":[10.875,-0.55,2.3],"to":[14.15,2.9,8.5],"rotation":{"angle":-22.5,"axis":"x","origin":[16,3,0]},"faces":{"north":{"uv":[4.875,10.25,4,11.125],"texture":"#0"},"east":{"uv":[10.75,2.25,9.25,3.125],"texture":"#0"},"south":{"uv":[11.125,6.25,10.25,7.125],"texture":"#0"},"west":{"uv":[10.5,0,9,0.875],"texture":"#0"},"up":{"uv":[8.25,10.75,9.125,9.25],"texture":"#0"},"down":{"uv":[9.25,9.25,10.125,10.75],"texture":"#0"}}},{"from":[10.8,2.5,4.4],"to":[14.2,8.4,10.6],"rotation":{"angle":0,"axis":"y","origin":[16,3,0]},"faces":{"north":{"uv":[0.875,8.75,0,10.25],"texture":"#0"},"east":{"uv":[7.5,1.75,6,3.25],"texture":"#0"},"south":{"uv":[6.125,9.25,5.25,10.75],"texture":"#0"},"west":{"uv":[3.25,6,1.75,7.5],"texture":"#0"},"up":{"uv":[6.25,10.75,7.125,9.25],"texture":"#0"},"down":{"uv":[7.25,9.25,8.125,10.75],"texture":"#0"}}},{"from":[-3,9,-3.25],"to":[1,18,0.75],"rotation":{"angle":45,"axis":"x","origin":[0,3,0]},"faces":{"north":{"uv":[3.25,6,4.25,8.25],"texture":"#0"},"east":{"uv":[4.25,6,5.25,8.25],"texture":"#0"},"south":{"uv":[0,6.5,1,8.75],"texture":"#0"},"west":{"uv":[5.25,7,6.25,9.25],"texture":"#0"},"up":{"uv":[10.5,9.25,9.5,8.25],"texture":"#0"},"down":{"uv":[10.75,1,9.75,2],"texture":"#0"}}},{"from":[-3,6,-3.25],"to":[-1,9,-1.55],"rotation":{"angle":45,"axis":"x","origin":[0,3,0]},"faces":{"north":{"uv":[7,3.25,7.5,4],"texture":"#0"},"east":{"uv":[9,10.75,9.375,11.5],"texture":"#0"},"south":{"uv":[6.5,10.75,7,11.5],"texture":"#0"},"west":{"uv":[9.5,10.75,9.875,11.5],"texture":"#0"},"up":{"uv":[11.5,8.375,11,8],"texture":"#0"},"down":{"uv":[11.5,8.5,11,8.875],"texture":"#0"}}},{"from":[-3,6,-1],"to":[-1,9,0.7],"rotation":{"angle":45,"axis":"x","origin":[0,3,0]},"faces":{"north":{"uv":[7,10.75,7.5,11.5],"texture":"#0"},"east":{"uv":[10.75,10.25,11.125,11],"texture":"#0"},"south":{"uv":[7.5,10.75,8,11.5],"texture":"#0"},"west":{"uv":[0.75,11,1.125,11.75],"texture":"#0"},"up":{"uv":[11.5,9.375,11,9],"texture":"#0"},"down":{"uv":[11.5,9.5,11,9.875],"texture":"#0"}}},{"from":[-1,6,-2],"to":[1,9,-0.3],"rotation":{"angle":45,"axis":"x","origin":[0,3,0]},"faces":{"north":{"uv":[8,10.75,8.5,11.5],"texture":"#0"},"east":{"uv":[1.25,11,1.625,11.75],"texture":"#0"},"south":{"uv":[8.5,10.75,9,11.5],"texture":"#0"},"west":{"uv":[1.75,11,2.125,11.75],"texture":"#0"},"up":{"uv":[11.25,11.375,10.75,11],"texture":"#0"},"down":{"uv":[11.75,0,11.25,0.375],"texture":"#0"}}},{"from":[-2.5,18,-2.75],"to":[0.5,24,0],"rotation":{"angle":45,"axis":"x","origin":[0,3,0]},"faces":{"north":{"uv":[9.5,3.25,10.25,4.75],"texture":"#0"},"east":{"uv":[9.5,6.75,10.25,8.25],"texture":"#0"},"south":{"uv":[9.75,4.75,10.5,6.25],"texture":"#0"},"west":{"uv":[0,10.25,0.75,11.75],"texture":"#0"},"up":{"uv":[11.5,2,10.75,1.25],"texture":"#0"},"down":{"uv":[11.5,2,10.75,2.75],"texture":"#0"}}},{"from":[1,10.5,5.75],"to":[4,13.25,9],"rotation":{"angle":0,"axis":"y","origin":[0,3,0]},"faces":{"north":{"uv":[5,10.75,5.75,11.5],"texture":"#0"},"east":{"uv":[6,3.25,6.875,4],"texture":"#0"},"south":{"uv":[5.75,10.75,6.5,11.5],"texture":"#0"},"west":{"uv":[10.25,7.25,11.125,8],"texture":"#0"},"up":{"uv":[1.75,7.375,1,6.5],"texture":"#0"},"down":{"uv":[11,9.25,10.25,10.125],"texture":"#0"}}},{"from":[12,10.5,5.75],"to":[15,13.25,9],"rotation":{"angle":0,"axis":"y","origin":[16,3,0]},"faces":{"north":{"uv":[5.75,10.75,5,11.5],"texture":"#0"},"east":{"uv":[11.125,7.25,10.25,8],"texture":"#0"},"south":{"uv":[6.5,10.75,5.75,11.5],"texture":"#0"},"west":{"uv":[6.875,3.25,6,4],"texture":"#0"},"up":{"uv":[1,7.375,1.75,6.5],"texture":"#0"},"down":{"uv":[10.25,9.25,11,10.125],"texture":"#0"}}},{"from":[15,9,-3.25],"to":[19,18,0.75],"rotation":{"angle":45,"axis":"x","origin":[16,3,0]},"faces":{"north":{"uv":[4.25,6,3.25,8.25],"texture":"#0"},"east":{"uv":[6.25,7,5.25,9.25],"texture":"#0"},"south":{"uv":[1,6.5,0,8.75],"texture":"#0"},"west":{"uv":[5.25,6,4.25,8.25],"texture":"#0"},"up":{"uv":[9.5,9.25,10.5,8.25],"texture":"#0"},"down":{"uv":[9.75,1,10.75,2],"texture":"#0"}}},{"from":[15.5,18,-2.75],"to":[18.5,24,0],"rotation":{"angle":45,"axis":"x","origin":[16,3,0]},"faces":{"north":{"uv":[10.25,3.25,9.5,4.75],"texture":"#0"},"east":{"uv":[0.75,10.25,0,11.75],"texture":"#0"},"south":{"uv":[10.5,4.75,9.75,6.25],"texture":"#0"},"west":{"uv":[10.25,6.75,9.5,8.25],"texture":"#0"},"up":{"uv":[10.75,2,11.5,1.25],"texture":"#0"},"down":{"uv":[10.75,2,11.5,2.75],"texture":"#0"}}},{"from":[17,6,-3.25],"to":[19,9,-1.55],"rotation":{"angle":45,"axis":"x","origin":[16,3,0]},"faces":{"north":{"uv":[7.5,3.25,7,4],"texture":"#0"},"east":{"uv":[9.875,10.75,9.5,11.5],"texture":"#0"},"south":{"uv":[7,10.75,6.5,11.5],"texture":"#0"},"west":{"uv":[9.375,10.75,9,11.5],"texture":"#0"},"up":{"uv":[11,8.375,11.5,8],"texture":"#0"},"down":{"uv":[11,8.5,11.5,8.875],"texture":"#0"}}},{"from":[15,6,-2],"to":[17,9,-0.3],"rotation":{"angle":45,"axis":"x","origin":[16,3,0]},"faces":{"north":{"uv":[8.5,10.75,8,11.5],"texture":"#0"},"east":{"uv":[2.125,11,1.75,11.75],"texture":"#0"},"south":{"uv":[9,10.75,8.5,11.5],"texture":"#0"},"west":{"uv":[1.625,11,1.25,11.75],"texture":"#0"},"up":{"uv":[10.75,11.375,11.25,11],"texture":"#0"},"down":{"uv":[11.25,0,11.75,0.375],"texture":"#0"}}},{"from":[17,6,-1],"to":[19,9,0.7],"rotation":{"angle":45,"axis":"x","origin":[16,3,0]},"faces":{"north":{"uv":[7.5,10.75,7,11.5],"texture":"#0"},"east":{"uv":[1.125,11,0.75,11.75],"texture":"#0"},"south":{"uv":[8,10.75,7.5,11.5],"texture":"#0"},"west":{"uv":[11.125,10.25,10.75,11],"texture":"#0"},"up":{"uv":[11,9.375,11.5,9],"texture":"#0"},"down":{"uv":[11,9.5,11.5,9.875],"texture":"#0"}}},{"from":[3.75,6,3.75],"to":[12.25,10,11.25],"rotation":{"angle":0,"axis":"y","origin":[0,3,0]},"faces":{"north":{"uv":[1,7.5,3.125,8.5],"texture":"#0"},"east":{"uv":[7.75,4.75,9.625,5.75],"texture":"#0"},"south":{"uv":[7.5,1.25,9.625,2.25],"texture":"#0"},"west":{"uv":[7.75,5.75,9.625,6.75],"texture":"#0"},"up":{"uv":[2.125,4.125,0,2.25],"texture":"#0"},"down":{"uv":[4.375,2.25,2.25,4.125],"texture":"#0"}}},{"from":[8,3.75,3.8],"to":[11.5,9.25,11.225],"rotation":{"angle":45,"axis":"z","origin":[0,3,0]},"faces":{"north":{"uv":[1,9.5,1.875,10.875],"texture":"#0"},"east":{"uv":[5.75,4,7.625,5.375],"texture":"#0"},"south":{"uv":[2,9.5,2.875,10.875],"texture":"#0"},"west":{"uv":[5.75,5.5,7.625,6.875],"texture":"#0"},"up":{"uv":[4.125,10.125,3.25,8.25],"texture":"#0"},"down":{"uv":[5.125,8.25,4.25,10.125],"texture":"#0"}}},{"from":[4.5,3.75,3.8],"to":[8,9.25,11.225],"rotation":{"angle":-45,"axis":"z","origin":[16,3,0]},"faces":{"north":{"uv":[1.875,9.5,1,10.875],"texture":"#0"},"east":{"uv":[7.625,5.5,5.75,6.875],"texture":"#0"},"south":{"uv":[2.875,9.5,2,10.875],"texture":"#0"},"west":{"uv":[7.625,4,5.75,5.375],"texture":"#0"},"up":{"uv":[3.25,10.125,4.125,8.25],"texture":"#0"},"down":{"uv":[4.25,8.25,5.125,10.125],"texture":"#0"}}},{"from":[5,14,3],"to":[11,19,10],"rotation":{"angle":0,"axis":"y","origin":[0,3,0]},"faces":{"north":{"uv":[8,6.75,9.5,8],"texture":"#0"},"east":{"uv":[6.25,7,8,8.25],"texture":"#0"},"south":{"uv":[8,8,9.5,9.25],"texture":"#0"},"west":{"uv":[7.25,0,9,1.25],"texture":"#0"},"up":{"uv":[6,4,4.5,2.25],"texture":"#0"},"down":{"uv":[7.25,0,5.75,1.75],"texture":"#0"}}},{"from":[4.5,15,5.9],"to":[11.5,19.5,9.4],"rotation":{"angle":0,"axis":"y","origin":[0,3,0]},"faces":{"north":{"uv":[7.5,2.25,9.25,3.375],"texture":"#0"},"east":{"uv":[3,10.25,3.875,11.375],"texture":"#0"},"south":{"uv":[7.75,3.5,9.5,4.625],"texture":"#0"},"west":{"uv":[10.25,3.25,11.125,4.375],"texture":"#0"},"up":{"uv":[8,9.125,6.25,8.25],"texture":"#0"},"down":{"uv":[2.75,8.5,1,9.375],"texture":"#0"}}},{"from":[7,15,-1],"to":[9,17,3],"rotation":{"angle":0,"axis":"y","origin":[0,3,0]},"faces":{"north":{"uv":[11,4.5,11.5,5],"texture":"#0"},"east":{"uv":[10.5,5.75,11.5,6.25],"texture":"#0"},"south":{"uv":[11,5,11.5,5.5],"texture":"#0"},"west":{"uv":[10.75,2.75,11.75,3.25],"texture":"#0"},"up":{"uv":[5.75,7,5.25,6],"texture":"#0"},"down":{"uv":[3.25,8.5,2.75,9.5],"texture":"#0"}}},{"from":[7,14.3,8],"to":[9,19,10],"rotation":{"angle":-22.5,"axis":"x","origin":[0,3,0]},"faces":{"north":{"uv":[10.25,10.25,10.75,11.375],"texture":"#0"},"east":{"uv":[10.5,4.5,11,5.625],"texture":"#0"},"south":{"uv":[10.5,8,11,9.125],"texture":"#0"},"west":{"uv":[10.75,0,11.25,1.125],"texture":"#0"},"up":{"uv":[10.25,6.75,9.75,6.25],"texture":"#0"},"down":{"uv":[2.75,11,2.25,11.5],"texture":"#0"}}}],"display":{"thirdperson_righthand":{"rotation":[90,-90,0],"translation":[-6,-14.25,13.5],"scale":[2.2,2.2,2.2]},"fixed":{"translation":[0.25,7,0],"scale":[2,2,2]}}}