{"credit":"MadewithBlockbench","texture_size":[64,64],"textures":{"0":"Images:MythoniaXAnubis/Magmortar/texture","particle":"Images:MythoniaXAnubis/Magmortar/texture"},"elements":[{"from":[4,8,4],"to":[12,17,10.2],"faces":{"north":{"uv":[0,0,2,2.25],"texture":"#0"},"east":{"uv":[0,2.25,1.5,4.5],"texture":"#0"},"south":{"uv":[2,0,4,2.25],"texture":"#0"},"west":{"uv":[1.5,2.25,3,4.5],"texture":"#0"},"up":{"uv":[6.25,4,4.25,2.5],"texture":"#0"},"down":{"uv":[6.25,4,4.25,5.5],"texture":"#0"}}},{"from":[3,5.8,3.9],"to":[7,10.5,8.9],"rotation":{"angle":0,"axis":"y","origin":[0,0,0.3]},"faces":{"north":{"uv":[0.75,7.5,1.75,8.625],"texture":"#0"},"east":{"uv":[6,5.5,7.25,6.625],"texture":"#0"},"south":{"uv":[7.5,1,8.5,2.125],"texture":"#0"},"west":{"uv":[0,6.25,1.25,7.375],"texture":"#0"},"up":{"uv":[7.25,4.25,6.25,3],"texture":"#0"},"down":{"uv":[7.25,4.25,6.25,5.5],"texture":"#0"}}},{"from":[2.5,14.1,3.875],"to":[6.5,18.3,8.55],"faces":{"north":{"uv":[5.75,7.75,6.75,8.75],"texture":"#0"},"east":{"uv":[6.5,0,7.75,1],"texture":"#0"},"south":{"uv":[6.75,7.75,7.75,8.75],"texture":"#0"},"west":{"uv":[2.5,6.75,3.75,7.75],"texture":"#0"},"up":{"uv":[4.75,8,3.75,6.75],"texture":"#0"},"down":{"uv":[5.75,6.75,4.75,8],"texture":"#0"}}},{"from":[5.5,17.1,3.6],"to":[10.5,21.3,8.6],"faces":{"north":{"uv":[5.75,6.75,7,7.75],"texture":"#0"},"east":{"uv":[7,6.75,8.25,7.75],"texture":"#0"},"south":{"uv":[7.25,3,8.5,4],"texture":"#0"},"west":{"uv":[7.25,4,8.5,5],"texture":"#0"},"up":{"uv":[4.75,6.75,3.5,5.5],"texture":"#0"},"down":{"uv":[6,5.5,4.75,6.75],"texture":"#0"}}},{"from":[1.5,9.55,15.35],"to":[6.5,9.55,22.35],"rotation":{"angle":-45,"axis":"x","origin":[0,0,0]},"faces":{"north":{"uv":[0,0,1.25,0],"texture":"#0"},"east":{"uv":[0,0,1.75,0],"texture":"#0"},"south":{"uv":[0,0,1.25,0],"texture":"#0"},"west":{"uv":[0,0,1.75,0],"texture":"#0"},"up":{"uv":[1.25,6.25,0,4.5],"texture":"#0"},"down":{"uv":[2.5,4.5,1.25,6.25],"texture":"#0"}}},{"from":[5.5,11.8,15.35],"to":[10.5,11.8,25.35],"rotation":{"angle":-45,"axis":"x","origin":[0,0,0]},"faces":{"north":{"uv":[0,0,1.25,0],"texture":"#0"},"east":{"uv":[0,0,2.5,0],"texture":"#0"},"south":{"uv":[0,0,1.25,0],"texture":"#0"},"west":{"uv":[0,0,2.5,0],"texture":"#0"},"up":{"uv":[4.25,4.75,3,2.25],"texture":"#0"},"down":{"uv":[5.5,0,4.25,2.5],"texture":"#0"}}},{"from":[-9.5,11.1,4.6],"to":[-7.5,14.3,7.6],"rotation":{"angle":-45,"axis":"z","origin":[0,0,0]},"faces":{"north":{"uv":[2,8.75,2.5,9.5],"texture":"#0"},"east":{"uv":[3.5,4.75,4.25,5.5],"texture":"#0"},"south":{"uv":[2.5,8.75,3,9.5],"texture":"#0"},"west":{"uv":[5.5,1.75,6.25,2.5],"texture":"#0"},"up":{"uv":[9.25,5.75,8.75,5],"texture":"#0"},"down":{"uv":[6,8.75,5.5,9.5],"texture":"#0"}}},{"from":[-10.25,9.85,3.85],"to":[-6.75,11.1,8.35],"rotation":{"angle":-45,"axis":"z","origin":[0,0,0]},"faces":{"north":{"uv":[8.75,7.5,9.625,7.875],"texture":"#0"},"east":{"uv":[8.25,7,9.375,7.375],"texture":"#0"},"south":{"uv":[8.75,8,9.625,8.375],"texture":"#0"},"west":{"uv":[0.75,8.75,1.875,9.125],"texture":"#0"},"up":{"uv":[8.625,8.875,7.75,7.75],"texture":"#0"},"down":{"uv":[3.875,8,3,9.125],"texture":"#0"}}},{"from":[-10,4.6,4.1],"to":[-7,9.85,8.1],"rotation":{"angle":-45,"axis":"z","origin":[0,0,0]},"faces":{"north":{"uv":[7.25,5,8,6.625],"texture":"#0"},"east":{"uv":[2.5,4.75,3.5,6.375],"texture":"#0"},"south":{"uv":[0,7.5,0.75,9.125],"texture":"#0"},"west":{"uv":[5.5,0,6.5,1.625],"texture":"#0"},"up":{"uv":[4.75,9,4,8],"texture":"#0"},"down":{"uv":[5.5,8,4.75,9],"texture":"#0"}}},{"from":[-3.2,11.35,4.1],"to":[1.05,11.35,8.1],"rotation":{"angle":22.5,"axis":"z","origin":[0.7,0.6,0]},"faces":{"north":{"uv":[0,0,1.125,0],"texture":"#0"},"east":{"uv":[0,0,1,0],"texture":"#0"},"south":{"uv":[0,0,1.125,0],"texture":"#0"},"west":{"uv":[0,0,1,0],"texture":"#0"},"up":{"uv":[8.875,1,7.75,0],"texture":"#0"},"down":{"uv":[2.875,7.75,1.75,8.75],"texture":"#0"}}},{"from":[-4.45,3.1,4.1],"to":[-4.45,7.35,8.1],"rotation":{"angle":-22.5,"axis":"z","origin":[0.7,0.6,0]},"faces":{"north":{"uv":[0,0,1.125,0],"rotation":90,"texture":"#0"},"east":{"uv":[2.875,7.75,1.75,8.75],"rotation":270,"texture":"#0"},"south":{"uv":[0,0,1.125,0],"rotation":270,"texture":"#0"},"west":{"uv":[8.875,1,7.75,0],"rotation":270,"texture":"#0"},"up":{"uv":[0,0,1,0],"rotation":270,"texture":"#0"},"down":{"uv":[0,0,1,0],"rotation":270,"texture":"#0"}}},{"from":[1,6.7,4.25],"to":[5.25,11.7,4.25],"rotation":{"angle":45,"axis":"z","origin":[0.7,0.6,0]},"faces":{"north":{"uv":[1.25,6.25,2.375,7.5],"texture":"#0"},"east":{"uv":[0,0,0,1.25],"texture":"#0"},"south":{"uv":[6.25,1.75,7.375,3],"texture":"#0"},"west":{"uv":[0,0,0,1.25],"texture":"#0"},"up":{"uv":[1.125,0,0,0],"texture":"#0"},"down":{"uv":[1.125,0,0,0],"texture":"#0"}}},{"from":[1,6.7,8.05],"to":[5.25,11.7,8.05],"rotation":{"angle":45,"axis":"z","origin":[0.7,0.6,0]},"faces":{"north":{"uv":[1.25,6.25,2.375,7.5],"texture":"#0"},"east":{"uv":[0,0,0,1.25],"texture":"#0"},"south":{"uv":[6.25,1.75,7.375,3],"texture":"#0"},"west":{"uv":[0,0,0,1.25],"texture":"#0"},"up":{"uv":[1.125,0,0,0],"texture":"#0"},"down":{"uv":[1.125,0,0,0],"texture":"#0"}}},{"from":[3.5,1.8,3.2],"to":[6.55,3.7,6.7],"rotation":{"angle":0,"axis":"y","origin":[0,0,0.3]},"faces":{"north":{"uv":[6,8.75,6.75,9.25],"texture":"#0"},"east":{"uv":[6.5,1,7.375,1.5],"texture":"#0"},"south":{"uv":[6.75,8.75,7.5,9.25],"texture":"#0"},"west":{"uv":[7.5,2.25,8.375,2.75],"texture":"#0"},"up":{"uv":[8.75,5.875,8,5],"texture":"#0"},"down":{"uv":[9,6,8.25,6.875],"texture":"#0"}}},{"from":[5.5,1.8,2.7],"to":[6.45,2.7,3.2],"rotation":{"angle":0,"axis":"y","origin":[0,0,0.3]},"faces":{"north":{"uv":[4,0.5,4.25,0.75],"texture":"#0"},"east":{"uv":[4,2,4.125,2.25],"texture":"#0"},"south":{"uv":[4,0.75,4.25,1],"texture":"#0"},"west":{"uv":[2.5,4.5,2.625,4.75],"texture":"#0"},"up":{"uv":[3,4.625,2.75,4.5],"texture":"#0"},"down":{"uv":[6.75,1.5,6.5,1.625],"texture":"#0"}}},{"from":[3.75,4.6,2.5],"to":[6.3,8.1,4.4],"rotation":{"angle":22.5,"axis":"x","origin":[0,0,0.3]},"faces":{"north":{"uv":[8.5,1,9.125,1.875],"texture":"#0"},"east":{"uv":[8.5,3,9,3.875],"texture":"#0"},"south":{"uv":[8.5,2,9.125,2.875],"texture":"#0"},"west":{"uv":[8.5,4,9,4.875],"texture":"#0"},"up":{"uv":[9.375,9,8.75,8.5],"texture":"#0"},"down":{"uv":[9.625,0,9,0.5],"texture":"#0"}}},{"from":[3.6,1.8,2.7],"to":[4.55,2.7,3.2],"rotation":{"angle":0,"axis":"y","origin":[0,0,0.3]},"faces":{"north":{"uv":[4,0,4.25,0.25],"texture":"#0"},"east":{"uv":[4,1,4.125,1.25],"texture":"#0"},"south":{"uv":[4,0.25,4.25,0.5],"texture":"#0"},"west":{"uv":[4,1.25,4.125,1.5],"texture":"#0"},"up":{"uv":[4.25,1.625,4,1.5],"texture":"#0"},"down":{"uv":[4.25,1.75,4,1.875],"texture":"#0"}}},{"from":[9.5,9.55,15.35],"to":[14.5,9.55,22.35],"rotation":{"angle":-45,"axis":"x","origin":[16,0,0]},"faces":{"north":{"uv":[1.25,0,0,0],"texture":"#0"},"east":{"uv":[1.75,0,0,0],"texture":"#0"},"south":{"uv":[1.25,0,0,0],"texture":"#0"},"west":{"uv":[1.75,0,0,0],"texture":"#0"},"up":{"uv":[0,6.25,1.25,4.5],"texture":"#0"},"down":{"uv":[1.25,4.5,2.5,6.25],"texture":"#0"}}},{"from":[9.5,14.1,3.875],"to":[13.5,18.3,8.55],"rotation":{"angle":0,"axis":"y","origin":[16,0,0]},"faces":{"north":{"uv":[6.75,7.75,5.75,8.75],"texture":"#0"},"east":{"uv":[3.75,6.75,2.5,7.75],"texture":"#0"},"south":{"uv":[7.75,7.75,6.75,8.75],"texture":"#0"},"west":{"uv":[7.75,0,6.5,1],"texture":"#0"},"up":{"uv":[3.75,8,4.75,6.75],"texture":"#0"},"down":{"uv":[4.75,6.75,5.75,8],"texture":"#0"}}},{"from":[23.5,11.1,4.6],"to":[25.5,14.3,7.6],"rotation":{"angle":45,"axis":"z","origin":[16,0,0]},"faces":{"north":{"uv":[2.5,8.75,2,9.5],"texture":"#0"},"east":{"uv":[6.25,1.75,5.5,2.5],"texture":"#0"},"south":{"uv":[3,8.75,2.5,9.5],"texture":"#0"},"west":{"uv":[4.25,4.75,3.5,5.5],"texture":"#0"},"up":{"uv":[8.75,5.75,9.25,5],"texture":"#0"},"down":{"uv":[5.5,8.75,6,9.5],"texture":"#0"}}},{"from":[22.75,9.85,3.85],"to":[26.25,11.1,8.35],"rotation":{"angle":45,"axis":"z","origin":[16,0,0]},"faces":{"north":{"uv":[9.625,7.5,8.75,7.875],"texture":"#0"},"east":{"uv":[1.875,8.75,0.75,9.125],"texture":"#0"},"south":{"uv":[9.625,8,8.75,8.375],"texture":"#0"},"west":{"uv":[9.375,7,8.25,7.375],"texture":"#0"},"up":{"uv":[7.75,8.875,8.625,7.75],"texture":"#0"},"down":{"uv":[3,8,3.875,9.125],"texture":"#0"}}},{"from":[23,4.6,4.1],"to":[26,9.85,8.1],"rotation":{"angle":45,"axis":"z","origin":[16,0,0]},"faces":{"north":{"uv":[8,5,7.25,6.625],"texture":"#0"},"east":{"uv":[6.5,0,5.5,1.625],"texture":"#0"},"south":{"uv":[0.75,7.5,0,9.125],"texture":"#0"},"west":{"uv":[3.5,4.75,2.5,6.375],"texture":"#0"},"up":{"uv":[4,9,4.75,8],"texture":"#0"},"down":{"uv":[4.75,8,5.5,9],"texture":"#0"}}},{"from":[10.75,6.7,4.25],"to":[15,11.7,4.25],"rotation":{"angle":-45,"axis":"z","origin":[15.3,0.6,0]},"faces":{"north":{"uv":[2.375,6.25,1.25,7.5],"texture":"#0"},"east":{"uv":[0,0,0,1.25],"texture":"#0"},"south":{"uv":[7.375,1.75,6.25,3],"texture":"#0"},"west":{"uv":[0,0,0,1.25],"texture":"#0"},"up":{"uv":[0,0,1.125,0],"texture":"#0"},"down":{"uv":[0,0,1.125,0],"texture":"#0"}}},{"from":[14.95,11.35,4.1],"to":[19.2,11.35,8.1],"rotation":{"angle":-22.5,"axis":"z","origin":[15.3,0.6,0]},"faces":{"north":{"uv":[1.125,0,0,0],"texture":"#0"},"east":{"uv":[1,0,0,0],"texture":"#0"},"south":{"uv":[1.125,0,0,0],"texture":"#0"},"west":{"uv":[1,0,0,0],"texture":"#0"},"up":{"uv":[7.75,1,8.875,0],"texture":"#0"},"down":{"uv":[1.75,7.75,2.875,8.75],"texture":"#0"}}},{"from":[10.75,6.7,8.05],"to":[15,11.7,8.05],"rotation":{"angle":-45,"axis":"z","origin":[15.3,0.6,0]},"faces":{"north":{"uv":[2.375,6.25,1.25,7.5],"texture":"#0"},"east":{"uv":[0,0,0,1.25],"texture":"#0"},"south":{"uv":[7.375,1.75,6.25,3],"texture":"#0"},"west":{"uv":[0,0,0,1.25],"texture":"#0"},"up":{"uv":[0,0,1.125,0],"texture":"#0"},"down":{"uv":[0,0,1.125,0],"texture":"#0"}}},{"from":[20.45,3.1,4.1],"to":[20.45,7.35,8.1],"rotation":{"angle":22.5,"axis":"z","origin":[15.3,0.6,0]},"faces":{"north":{"uv":[0,0,1.125,0],"rotation":90,"texture":"#0"},"east":{"uv":[8.875,0,7.75,1],"rotation":270,"texture":"#0"},"south":{"uv":[0,0,1.125,0],"rotation":270,"texture":"#0"},"west":{"uv":[2.875,8.75,1.75,7.75],"rotation":270,"texture":"#0"},"up":{"uv":[0,0,1,0],"rotation":270,"texture":"#0"},"down":{"uv":[0,0,1,0],"rotation":270,"texture":"#0"}}},{"from":[9,5.8,3.9],"to":[13,10.5,8.9],"rotation":{"angle":0,"axis":"y","origin":[16,0,0.3]},"faces":{"north":{"uv":[1.75,7.5,0.75,8.625],"texture":"#0"},"east":{"uv":[1.25,6.25,0,7.375],"texture":"#0"},"south":{"uv":[8.5,1,7.5,2.125],"texture":"#0"},"west":{"uv":[7.25,5.5,6,6.625],"texture":"#0"},"up":{"uv":[6.25,4.25,7.25,3],"texture":"#0"},"down":{"uv":[6.25,4.25,7.25,5.5],"texture":"#0"}}},{"from":[9.7,4.6,2.5],"to":[12.25,8.1,4.4],"rotation":{"angle":22.5,"axis":"x","origin":[16,0,0.3]},"faces":{"north":{"uv":[9.125,1,8.5,1.875],"texture":"#0"},"east":{"uv":[9,4,8.5,4.875],"texture":"#0"},"south":{"uv":[9.125,2,8.5,2.875],"texture":"#0"},"west":{"uv":[9,3,8.5,3.875],"texture":"#0"},"up":{"uv":[8.75,9,9.375,8.5],"texture":"#0"},"down":{"uv":[9,0,9.625,0.5],"texture":"#0"}}},{"from":[9.45,1.8,3.2],"to":[12.5,3.7,6.7],"rotation":{"angle":0,"axis":"y","origin":[16,0,0.3]},"faces":{"north":{"uv":[6.75,8.75,6,9.25],"texture":"#0"},"east":{"uv":[8.375,2.25,7.5,2.75],"texture":"#0"},"south":{"uv":[7.5,8.75,6.75,9.25],"texture":"#0"},"west":{"uv":[7.375,1,6.5,1.5],"texture":"#0"},"up":{"uv":[8,5.875,8.75,5],"texture":"#0"},"down":{"uv":[8.25,6,9,6.875],"texture":"#0"}}},{"from":[11.45,1.8,2.7],"to":[12.4,2.7,3.2],"rotation":{"angle":0,"axis":"y","origin":[16,0,0.3]},"faces":{"north":{"uv":[4.25,0,4,0.25],"texture":"#0"},"east":{"uv":[4.125,1.25,4,1.5],"texture":"#0"},"south":{"uv":[4.25,0.25,4,0.5],"texture":"#0"},"west":{"uv":[4.125,1,4,1.25],"texture":"#0"},"up":{"uv":[4,1.625,4.25,1.5],"texture":"#0"},"down":{"uv":[4,1.75,4.25,1.875],"texture":"#0"}}},{"from":[9.55,1.8,2.7],"to":[10.5,2.7,3.2],"rotation":{"angle":0,"axis":"y","origin":[16,0,0.3]},"faces":{"north":{"uv":[4.25,0.5,4,0.75],"texture":"#0"},"east":{"uv":[2.625,4.5,2.5,4.75],"texture":"#0"},"south":{"uv":[4.25,0.75,4,1],"texture":"#0"},"west":{"uv":[4.125,2,4,2.25],"texture":"#0"},"up":{"uv":[2.75,4.625,3,4.5],"texture":"#0"},"down":{"uv":[6.5,1.5,6.75,1.625],"texture":"#0"}}}],"display":{"head":{"translation":[0,-6.25,1.25],"scale":[1.5,1.5,1.5]}}}