{"credit":"MadewithBlockbench","texture_size":[32,32],"textures":{"0":"block/texture","particle":"block/texture"},"elements":[{"from":[6.46919,6.93523,3.125],"to":[9.46919,9.93523,6.125],"rotation":{"angle":0,"axis":"y","origin":[0.46919,1.93523,-4.875]},"faces":{"north":{"uv":[2,6,3.5,7.5],"texture":"#0"},"east":{"uv":[7.5,5,9,6.5],"texture":"#0"},"south":{"uv":[6,7.5,7.5,9],"texture":"#0"},"west":{"uv":[7.5,6.5,9,8],"texture":"#0"},"up":{"uv":[1.5,9.5,0,8],"texture":"#0"},"down":{"uv":[9.5,0,8,1.5],"texture":"#0"}}},{"from":[5.96919,5.83523,5.125],"to":[9.96919,7.93523,9.625],"rotation":{"angle":0,"axis":"y","origin":[0.46919,1.93523,-4.875]},"faces":{"north":{"uv":[2,7.5,4,9],"texture":"#0"},"east":{"uv":[6,2,8.25,3.5],"texture":"#0"},"south":{"uv":[4,7.5,6,9],"texture":"#0"},"west":{"uv":[6,3.5,8.25,5],"texture":"#0"},"up":{"uv":[5.5,7.25,3.5,5],"texture":"#0"},"down":{"uv":[7.5,5,5.5,7.25],"texture":"#0"}}},{"from":[7.96919,4.93523,9.625],"to":[7.96919,8.93523,13.125],"rotation":{"angle":0,"axis":"y","origin":[0.46919,1.93523,-4.875]},"faces":{"north":{"uv":[0,0,0,2],"texture":"#0"},"east":{"uv":[0,6,1.75,8],"texture":"#0"},"south":{"uv":[0,0,0,2],"texture":"#0"},"west":{"uv":[6,0,7.75,2],"texture":"#0"},"up":{"uv":[0,1.75,0,0],"texture":"#0"},"down":{"uv":[0,0,0,1.75],"texture":"#0"}}},{"from":[-3.38081,9.53523,4.625],"to":[3.61919,9.53523,10.125],"rotation":{"angle":-22.5,"axis":"z","origin":[0.46919,1.93523,-4.875]},"faces":{"north":{"uv":[0,0,3.5,0],"texture":"#0"},"east":{"uv":[0,0,2.75,0],"texture":"#0"},"south":{"uv":[0,0,3.5,0],"texture":"#0"},"west":{"uv":[0,0,2.75,0],"texture":"#0"},"up":{"uv":[3.5,2.75,0,0],"texture":"#0"},"down":{"uv":[3.5,3,0,5.75],"texture":"#0"}}},{"from":[12.46919,9.93523,4.625],"to":[19.46919,9.93523,10.125],"rotation":{"angle":22.5,"axis":"z","origin":[16.46919,1.93523,-4.875]},"faces":{"north":{"uv":[3.5,0,0,0],"texture":"#0"},"east":{"uv":[2.75,0,0,0],"texture":"#0"},"south":{"uv":[3.5,0,0,0],"texture":"#0"},"west":{"uv":[2.75,0,0,0],"texture":"#0"},"up":{"uv":[0,2.75,3.5,0],"texture":"#0"},"down":{"uv":[0,3,3.5,5.75],"texture":"#0"}}},{"from":[5.46919,6.23523,5.625],"to":[10.46919,6.23523,10.625],"rotation":{"angle":-22.5,"axis":"x","origin":[0.46919,1.93523,-4.875]},"faces":{"north":{"uv":[0,0,2.5,0],"texture":"#0"},"east":{"uv":[0,0,2.5,0],"texture":"#0"},"south":{"uv":[0,0,2.5,0],"texture":"#0"},"west":{"uv":[0,0,2.5,0],"texture":"#0"},"up":{"uv":[6,2.5,3.5,0],"texture":"#0"},"down":{"uv":[6,2.5,3.5,5],"texture":"#0"}}},{"from":[6.46919,-5.06477,5.125],"to":[7.46919,-4.06477,7.125],"rotation":{"angle":-45,"axis":"x","origin":[0.46919,1.93523,-4.875]},"faces":{"north":{"uv":[6.5,3.75,7,4.25],"texture":"#0"},"east":{"uv":[6.5,3.75,7.5,4.25],"texture":"#0"},"south":{"uv":[6.75,3.75,7.25,4.25],"texture":"#0"},"west":{"uv":[6.5,3.75,7.5,4.25],"texture":"#0"},"up":{"uv":[7,3.5,7.5,4.5],"texture":"#0"},"down":{"uv":[6.5,3.5,7,4.5],"texture":"#0"}}},{"from":[8.46919,-5.06477,5.125],"to":[9.46919,-4.06477,7.125],"rotation":{"angle":-45,"axis":"x","origin":[0.46919,1.93523,-4.875]},"faces":{"north":{"uv":[6.5,3.75,7,4.25],"texture":"#0"},"east":{"uv":[6.5,3.75,7.5,4.25],"texture":"#0"},"south":{"uv":[6.75,3.75,7.25,4.25],"texture":"#0"},"west":{"uv":[6.5,3.75,7.5,4.25],"texture":"#0"},"up":{"uv":[7,3.5,7.5,4.5],"texture":"#0"},"down":{"uv":[6.5,3.5,7,4.5],"texture":"#0"}}}],"display":{"thirdperson_righthand":{"rotation":[90,-90,0],"translation":[-6,-14.25,13.5],"scale":[2.2,2.2,2.2]},"fixed":{"translation":[0.25,7,0],"scale":[2,2,2]}}}