{"credit":"MadewithBlockbench","texture_size":[64,64],"textures":{"0":"Images:MythoniaXAnubis/Gigalith/texture","particle":"Images:MythoniaXAnubis/Gigalith/texture"},"elements":[{"from":[4.5,3.5,4.5],"to":[11.5,10.5,11.5],"rotation":{"angle":0,"axis":"y","origin":[0.5,7.5,-0.5]},"faces":{"north":{"uv":[0,5.25,1.75,7],"texture":"#0"},"east":{"uv":[1.75,5.25,3.5,7],"texture":"#0"},"south":{"uv":[6,2.25,7.75,4],"texture":"#0"},"west":{"uv":[6,4,7.75,5.75],"texture":"#0"},"up":{"uv":[7.75,7.5,6,5.75],"texture":"#0"},"down":{"uv":[8.25,0,6.5,1.75],"texture":"#0"}}},{"from":[9.9,2.5,3.25],"to":[12.15,4.5,5.3],"rotation":{"angle":0,"axis":"y","origin":[0.5,7.5,-0.5]},"faces":{"north":{"uv":[3.5,2.25,4.125,2.75],"texture":"#0"},"east":{"uv":[7.25,1.75,7.75,2.25],"texture":"#0"},"south":{"uv":[6.5,1.75,7.125,2.25],"texture":"#0"},"west":{"uv":[3,8,3.5,8.5],"texture":"#0"},"up":{"uv":[8.375,7.25,7.75,6.75],"texture":"#0"},"down":{"uv":[8.875,1.25,8.25,1.75],"texture":"#0"}}},{"from":[11.2,0,-0.8],"to":[16.2,5,4.2],"rotation":{"angle":0,"axis":"y","origin":[0.5,7.5,-0.5]},"faces":{"north":{"uv":[6,7.5,7.25,8.75],"texture":"#0"},"east":{"uv":[7.25,7.5,8.5,8.75],"texture":"#0"},"south":{"uv":[7.75,1.75,9,3],"texture":"#0"},"west":{"uv":[7.75,3,9,4.25],"texture":"#0"},"up":{"uv":[9,5.5,7.75,4.25],"texture":"#0"},"down":{"uv":[9,5.5,7.75,6.75],"texture":"#0"}}},{"from":[13.7,0,-4.8],"to":[13.7,9,4.2],"rotation":{"angle":0,"axis":"y","origin":[0.5,7.5,-0.5]},"faces":{"north":{"uv":[0,0,0,2.25],"texture":"#0"},"east":{"uv":[0,3,2.25,5.25],"texture":"#0"},"south":{"uv":[0,0,0,2.25],"texture":"#0"},"west":{"uv":[2.25,3,4.5,5.25],"texture":"#0"},"up":{"uv":[0,2.25,0,0],"texture":"#0"},"down":{"uv":[0,0,0,2.25],"texture":"#0"}}},{"from":[15.7,0,-4.8],"to":[15.7,5,-0.8],"rotation":{"angle":0,"axis":"y","origin":[0.5,7.5,-0.5]},"faces":{"north":{"uv":[0,0,0,1.25],"texture":"#0"},"east":{"uv":[3.5,5.25,4.5,6.5],"texture":"#0"},"south":{"uv":[0,0,0,1.25],"texture":"#0"},"west":{"uv":[3.75,8.75,4.75,10],"texture":"#0"},"up":{"uv":[0,1,0,0],"texture":"#0"},"down":{"uv":[0,0,0,1],"texture":"#0"}}},{"from":[11.7,0,-4.8],"to":[11.7,5,-0.8],"rotation":{"angle":0,"axis":"y","origin":[0.5,7.5,-0.5]},"faces":{"north":{"uv":[0,0,0,1.25],"texture":"#0"},"east":{"uv":[3.5,5.25,4.5,6.5],"texture":"#0"},"south":{"uv":[0,0,0,1.25],"texture":"#0"},"west":{"uv":[3.75,8.75,4.75,10],"texture":"#0"},"up":{"uv":[0,1,0,0],"texture":"#0"},"down":{"uv":[0,0,0,1],"texture":"#0"}}},{"from":[9.9,2.5,10.25],"to":[12.15,4.5,12.3],"rotation":{"angle":0,"axis":"y","origin":[0.5,7.5,-0.5]},"faces":{"north":{"uv":[3.5,2.25,4.125,2.75],"texture":"#0"},"east":{"uv":[7.25,1.75,7.75,2.25],"texture":"#0"},"south":{"uv":[6.5,1.75,7.125,2.25],"texture":"#0"},"west":{"uv":[3,8,3.5,8.5],"texture":"#0"},"up":{"uv":[8.375,7.25,7.75,6.75],"texture":"#0"},"down":{"uv":[8.875,1.25,8.25,1.75],"texture":"#0"}}},{"from":[11.2,0,11.2],"to":[16.2,5,16.2],"rotation":{"angle":0,"axis":"y","origin":[0.5,7.5,-0.5]},"faces":{"north":{"uv":[6,7.5,7.25,8.75],"texture":"#0"},"east":{"uv":[7.25,7.5,8.5,8.75],"texture":"#0"},"south":{"uv":[7.75,1.75,9,3],"texture":"#0"},"west":{"uv":[7.75,3,9,4.25],"texture":"#0"},"up":{"uv":[9,5.5,7.75,4.25],"texture":"#0"},"down":{"uv":[9,5.5,7.75,6.75],"texture":"#0"}}},{"from":[11.7,0,7.2],"to":[11.7,5,11.2],"rotation":{"angle":0,"axis":"y","origin":[0.5,7.5,-0.5]},"faces":{"north":{"uv":[0,0,0,1.25],"texture":"#0"},"east":{"uv":[3.5,5.25,4.5,6.5],"texture":"#0"},"south":{"uv":[0,0,0,1.25],"texture":"#0"},"west":{"uv":[3.75,8.75,4.75,10],"texture":"#0"},"up":{"uv":[0,1,0,0],"texture":"#0"},"down":{"uv":[0,0,0,1],"texture":"#0"}}},{"from":[13.7,0,7.2],"to":[13.7,9,16.2],"rotation":{"angle":0,"axis":"y","origin":[0.5,7.5,-0.5]},"faces":{"north":{"uv":[0,0,0,2.25],"texture":"#0"},"east":{"uv":[0,3,2.25,5.25],"texture":"#0"},"south":{"uv":[0,0,0,2.25],"texture":"#0"},"west":{"uv":[2.25,3,4.5,5.25],"texture":"#0"},"up":{"uv":[0,2.25,0,0],"texture":"#0"},"down":{"uv":[0,0,0,2.25],"texture":"#0"}}},{"from":[15.7,0,7.2],"to":[15.7,5,11.2],"rotation":{"angle":0,"axis":"y","origin":[0.5,7.5,-0.5]},"faces":{"north":{"uv":[0,0,0,1.25],"texture":"#0"},"east":{"uv":[3.5,5.25,4.5,6.5],"texture":"#0"},"south":{"uv":[0,0,0,1.25],"texture":"#0"},"west":{"uv":[3.75,8.75,4.75,10],"texture":"#0"},"up":{"uv":[0,1,0,0],"texture":"#0"},"down":{"uv":[0,0,0,1],"texture":"#0"}}},{"from":[-0.2,0,11.2],"to":[4.8,5,16.2],"rotation":{"angle":0,"axis":"y","origin":[15.5,7.5,-0.5]},"faces":{"north":{"uv":[7.25,7.5,6,8.75],"texture":"#0"},"east":{"uv":[9,3,7.75,4.25],"texture":"#0"},"south":{"uv":[9,1.75,7.75,3],"texture":"#0"},"west":{"uv":[8.5,7.5,7.25,8.75],"texture":"#0"},"up":{"uv":[7.75,5.5,9,4.25],"texture":"#0"},"down":{"uv":[7.75,5.5,9,6.75],"texture":"#0"}}},{"from":[4.3,0,7.2],"to":[4.3,5,11.2],"rotation":{"angle":0,"axis":"y","origin":[15.5,7.5,-0.5]},"faces":{"north":{"uv":[0,0,0,1.25],"texture":"#0"},"east":{"uv":[4.75,8.75,3.75,10],"texture":"#0"},"south":{"uv":[0,0,0,1.25],"texture":"#0"},"west":{"uv":[4.5,5.25,3.5,6.5],"texture":"#0"},"up":{"uv":[0,1,0,0],"texture":"#0"},"down":{"uv":[0,0,0,1],"texture":"#0"}}},{"from":[2.3,0,7.2],"to":[2.3,9,16.2],"rotation":{"angle":0,"axis":"y","origin":[15.5,7.5,-0.5]},"faces":{"north":{"uv":[0,0,0,2.25],"texture":"#0"},"east":{"uv":[4.5,3,2.25,5.25],"texture":"#0"},"south":{"uv":[0,0,0,2.25],"texture":"#0"},"west":{"uv":[2.25,3,0,5.25],"texture":"#0"},"up":{"uv":[0,2.25,0,0],"texture":"#0"},"down":{"uv":[0,0,0,2.25],"texture":"#0"}}},{"from":[0.3,0,7.2],"to":[0.3,5,11.2],"rotation":{"angle":0,"axis":"y","origin":[15.5,7.5,-0.5]},"faces":{"north":{"uv":[0,0,0,1.25],"texture":"#0"},"east":{"uv":[4.75,8.75,3.75,10],"texture":"#0"},"south":{"uv":[0,0,0,1.25],"texture":"#0"},"west":{"uv":[4.5,5.25,3.5,6.5],"texture":"#0"},"up":{"uv":[0,1,0,0],"texture":"#0"},"down":{"uv":[0,0,0,1],"texture":"#0"}}},{"from":[3.85,2.5,10.25],"to":[6.1,4.5,12.3],"rotation":{"angle":0,"axis":"y","origin":[15.5,7.5,-0.5]},"faces":{"north":{"uv":[4.125,2.25,3.5,2.75],"texture":"#0"},"east":{"uv":[3.5,8,3,8.5],"texture":"#0"},"south":{"uv":[7.125,1.75,6.5,2.25],"texture":"#0"},"west":{"uv":[7.75,1.75,7.25,2.25],"texture":"#0"},"up":{"uv":[7.75,7.25,8.375,6.75],"texture":"#0"},"down":{"uv":[8.25,1.25,8.875,1.75],"texture":"#0"}}},{"from":[3.85,2.5,3.25],"to":[6.1,4.5,5.3],"rotation":{"angle":0,"axis":"y","origin":[15.5,7.5,-0.5]},"faces":{"north":{"uv":[4.125,2.25,3.5,2.75],"texture":"#0"},"east":{"uv":[3.5,8,3,8.5],"texture":"#0"},"south":{"uv":[7.125,1.75,6.5,2.25],"texture":"#0"},"west":{"uv":[7.75,1.75,7.25,2.25],"texture":"#0"},"up":{"uv":[7.75,7.25,8.375,6.75],"texture":"#0"},"down":{"uv":[8.25,1.25,8.875,1.75],"texture":"#0"}}},{"from":[-0.2,0,-0.8],"to":[4.8,5,4.2],"rotation":{"angle":0,"axis":"y","origin":[15.5,7.5,-0.5]},"faces":{"north":{"uv":[7.25,7.5,6,8.75],"texture":"#0"},"east":{"uv":[9,3,7.75,4.25],"texture":"#0"},"south":{"uv":[9,1.75,7.75,3],"texture":"#0"},"west":{"uv":[8.5,7.5,7.25,8.75],"texture":"#0"},"up":{"uv":[7.75,5.5,9,4.25],"texture":"#0"},"down":{"uv":[7.75,5.5,9,6.75],"texture":"#0"}}},{"from":[4.3,0,-4.8],"to":[4.3,5,-0.8],"rotation":{"angle":0,"axis":"y","origin":[15.5,7.5,-0.5]},"faces":{"north":{"uv":[0,0,0,1.25],"texture":"#0"},"east":{"uv":[4.75,8.75,3.75,10],"texture":"#0"},"south":{"uv":[0,0,0,1.25],"texture":"#0"},"west":{"uv":[4.5,5.25,3.5,6.5],"texture":"#0"},"up":{"uv":[0,1,0,0],"texture":"#0"},"down":{"uv":[0,0,0,1],"texture":"#0"}}},{"from":[2.3,0,-4.8],"to":[2.3,9,4.2],"rotation":{"angle":0,"axis":"y","origin":[15.5,7.5,-0.5]},"faces":{"north":{"uv":[0,0,0,2.25],"texture":"#0"},"east":{"uv":[4.5,3,2.25,5.25],"texture":"#0"},"south":{"uv":[0,0,0,2.25],"texture":"#0"},"west":{"uv":[2.25,3,0,5.25],"texture":"#0"},"up":{"uv":[0,2.25,0,0],"texture":"#0"},"down":{"uv":[0,0,0,2.25],"texture":"#0"}}},{"from":[0.3,0,-4.8],"to":[0.3,5,-0.8],"rotation":{"angle":0,"axis":"y","origin":[15.5,7.5,-0.5]},"faces":{"north":{"uv":[0,0,0,1.25],"texture":"#0"},"east":{"uv":[4.75,8.75,3.75,10],"texture":"#0"},"south":{"uv":[0,0,0,1.25],"texture":"#0"},"west":{"uv":[4.5,5.25,3.5,6.5],"texture":"#0"},"up":{"uv":[0,1,0,0],"texture":"#0"},"down":{"uv":[0,0,0,1],"texture":"#0"}}},{"from":[5.5,9.5,4.75],"to":[10.5,14.5,9.75],"rotation":{"angle":0,"axis":"y","origin":[0.5,7.5,-0.5]},"faces":{"north":{"uv":[8.25,0,9.5,1.25],"texture":"#0"},"east":{"uv":[0,8.5,1.25,9.75],"texture":"#0"},"south":{"uv":[1.25,8.5,2.5,9.75],"texture":"#0"},"west":{"uv":[8.5,6.75,9.75,8],"texture":"#0"},"up":{"uv":[9.75,9.25,8.5,8],"texture":"#0"},"down":{"uv":[3.75,8.75,2.5,10],"texture":"#0"}}},{"from":[8,10.5,3.75],"to":[8,19.5,9.75],"rotation":{"angle":0,"axis":"y","origin":[0.5,7.5,-0.5]},"faces":{"north":{"uv":[0,0,0,2.25],"texture":"#0"},"east":{"uv":[3.5,0,5,2.25],"texture":"#0"},"south":{"uv":[0,0,0,2.25],"texture":"#0"},"west":{"uv":[4.5,2.25,6,4.5],"texture":"#0"},"up":{"uv":[0,1.5,0,0],"texture":"#0"},"down":{"uv":[0,0,0,1.5],"texture":"#0"}}},{"from":[7,10.5,7.75],"to":[7,16.5,13.75],"rotation":{"angle":22.5,"axis":"y","origin":[0.5,7.5,-0.5]},"faces":{"north":{"uv":[0,0,0,1.5],"texture":"#0"},"east":{"uv":[0,7,1.5,8.5],"texture":"#0"},"south":{"uv":[0,0,0,1.5],"texture":"#0"},"west":{"uv":[1.5,7,3,8.5],"texture":"#0"},"up":{"uv":[0,1.5,0,0],"texture":"#0"},"down":{"uv":[0,0,0,1.5],"texture":"#0"}}},{"from":[7,3.5,11.75],"to":[7,12.5,17.75],"rotation":{"angle":22.5,"axis":"y","origin":[0.5,7.5,-0.5]},"faces":{"north":{"uv":[0,0,0,2.25],"texture":"#0"},"east":{"uv":[4.5,4.5,6,6.75],"texture":"#0"},"south":{"uv":[0,0,0,2.25],"texture":"#0"},"west":{"uv":[5,0,6.5,2.25],"texture":"#0"},"up":{"uv":[0,1.5,0,0],"texture":"#0"},"down":{"uv":[0,0,0,1.5],"texture":"#0"}}},{"from":[9,10.5,7.75],"to":[9,16.5,13.75],"rotation":{"angle":-22.5,"axis":"y","origin":[15.5,7.5,-0.5]},"faces":{"north":{"uv":[0,0,0,1.5],"texture":"#0"},"east":{"uv":[3,7,1.5,8.5],"texture":"#0"},"south":{"uv":[0,0,0,1.5],"texture":"#0"},"west":{"uv":[1.5,7,0,8.5],"texture":"#0"},"up":{"uv":[0,1.5,0,0],"texture":"#0"},"down":{"uv":[0,0,0,1.5],"texture":"#0"}}},{"from":[9,3.5,11.75],"to":[9,12.5,17.75],"rotation":{"angle":-22.5,"axis":"y","origin":[15.5,7.5,-0.5]},"faces":{"north":{"uv":[0,0,0,2.25],"texture":"#0"},"east":{"uv":[6.5,0,5,2.25],"texture":"#0"},"south":{"uv":[0,0,0,2.25],"texture":"#0"},"west":{"uv":[6,4.5,4.5,6.75],"texture":"#0"},"up":{"uv":[0,1.5,0,0],"texture":"#0"},"down":{"uv":[0,0,0,1.5],"texture":"#0"}}},{"from":[8,3.5,-0.25],"to":[8,11.5,4.75],"rotation":{"angle":0,"axis":"y","origin":[0.5,7.5,-0.5]},"faces":{"north":{"uv":[0,0,0,2],"texture":"#0"},"east":{"uv":[3.5,6.75,4.75,8.75],"texture":"#0"},"south":{"uv":[0,0,0,2],"texture":"#0"},"west":{"uv":[4.75,6.75,6,8.75],"texture":"#0"},"up":{"uv":[0,1.25,0,0],"texture":"#0"},"down":{"uv":[0,0,0,1.25],"texture":"#0"}}},{"from":[8,3.5,9.75],"to":[8,15.5,16.75],"rotation":{"angle":0,"axis":"y","origin":[0.5,7.5,-0.5]},"faces":{"north":{"uv":[0,0,0,3],"texture":"#0"},"east":{"uv":[0,0,1.75,3],"texture":"#0"},"south":{"uv":[0,0,0,3],"texture":"#0"},"west":{"uv":[1.75,0,3.5,3],"texture":"#0"},"up":{"uv":[0,1.75,0,0],"texture":"#0"},"down":{"uv":[0,0,0,1.75],"texture":"#0"}}},{"from":[9.75,10.5,2.75],"to":[9.75,14.5,4.75],"rotation":{"angle":0,"axis":"y","origin":[0.5,7.5,-0.5]},"faces":{"north":{"uv":[0,0,0,1],"texture":"#0"},"east":{"uv":[3,7,3.5,8],"texture":"#0"},"south":{"uv":[0,0,0,1],"texture":"#0"},"west":{"uv":[4.75,8.75,5.25,9.75],"texture":"#0"},"up":{"uv":[0,0.5,0,0],"texture":"#0"},"down":{"uv":[0,0,0,0.5],"texture":"#0"}}}],"display":{"thirdperson_righthand":{"rotation":[90,-90,0],"translation":[-6,-14.25,13.5],"scale":[2.2,2.2,2.2]},"fixed":{"translation":[0.25,7,0],"scale":[2,2,2]}}