{"credit":"MadewithBlockbench","texture_size":[64,64],"textures":{"0":"texture","particle":"texture"},"elements":[{"from":[5,15,8],"to":[11,19,12],"rotation":{"angle":0,"axis":"y","origin":[-1,10,0]},"faces":{"north":{"uv":[0,3.75,1.5,4.75],"texture":"#0"},"east":{"uv":[5.5,6.75,6.5,7.75],"texture":"#0"},"south":{"uv":[1.5,3.75,3,4.75],"texture":"#0"},"west":{"uv":[6.5,6.75,7.5,7.75],"texture":"#0"},"up":{"uv":[4.5,4.75,3,3.75],"texture":"#0"},"down":{"uv":[6,3.75,4.5,4.75],"texture":"#0"}}},{"from":[11,9,7],"to":[11,24,19],"rotation":{"angle":-22.5,"axis":"y","origin":[-1,10,0]},"faces":{"north":{"uv":[0,0,0,3.75],"texture":"#0"},"east":{"uv":[0,0,3,3.75],"texture":"#0"},"south":{"uv":[0,0,0,3.75],"texture":"#0"},"west":{"uv":[3,0,6,3.75],"texture":"#0"},"up":{"uv":[0,3,0,0],"texture":"#0"},"down":{"uv":[0,0,0,3],"texture":"#0"}}},{"from":[5,9,7],"to":[5,24,19],"rotation":{"angle":22.5,"axis":"y","origin":[17,10,0]},"faces":{"north":{"uv":[0,0,0,3.75],"texture":"#0"},"east":{"uv":[6,0,3,3.75],"texture":"#0"},"south":{"uv":[0,0,0,3.75],"texture":"#0"},"west":{"uv":[3,0,0,3.75],"texture":"#0"},"up":{"uv":[0,3,0,0],"texture":"#0"},"down":{"uv":[0,0,0,3],"texture":"#0"}}},{"from":[5,9,8],"to":[11,13,12],"rotation":{"angle":0,"axis":"y","origin":[-1,10,0]},"faces":{"north":{"uv":[0,4.75,1.5,5.75],"texture":"#0"},"east":{"uv":[0,7,1,8],"texture":"#0"},"south":{"uv":[1.5,4.75,3,5.75],"texture":"#0"},"west":{"uv":[7,0,8,1],"texture":"#0"},"up":{"uv":[4.5,5.75,3,4.75],"texture":"#0"},"down":{"uv":[6,4.75,4.5,5.75],"texture":"#0"}}},{"from":[-2.53553,8.80761,7.975],"to":[1.71447,13.05761,12.025],"rotation":{"angle":-45,"axis":"z","origin":[1.46447,-0.19239,0]},"faces":{"north":{"uv":[0,5.75,1.125,6.875],"texture":"#0"},"east":{"uv":[2.5,5.75,3.5,6.875],"texture":"#0"},"south":{"uv":[1.25,5.75,2.375,6.875],"texture":"#0"},"west":{"uv":[3.5,5.75,4.5,6.875],"texture":"#0"},"up":{"uv":[5.625,6.75,4.5,5.75],"texture":"#0"},"down":{"uv":[6.875,5.75,5.75,6.75],"texture":"#0"}}},{"from":[5.5,13,8.5],"to":[10.5,14,11.5],"rotation":{"angle":0,"axis":"y","origin":[-1,10,0]},"faces":{"north":{"uv":[8,0.75,9.25,1],"texture":"#0"},"east":{"uv":[8.75,0.5,9.5,0.75],"texture":"#0"},"south":{"uv":[8,6.5,9.25,6.75],"texture":"#0"},"west":{"uv":[8.75,6.25,9.5,6.5],"texture":"#0"},"up":{"uv":[7.25,5.75,6,5],"texture":"#0"},"down":{"uv":[8.25,3.5,7,4.25],"texture":"#0"}}},{"from":[7,19,9],"to":[9,20,11],"rotation":{"angle":0,"axis":"y","origin":[-1,10,0]},"faces":{"north":{"uv":[7.75,3.25,8.25,3.5],"texture":"#0"},"east":{"uv":[8.25,4,8.75,4.25],"texture":"#0"},"south":{"uv":[8.75,8.25,9.25,8.5],"texture":"#0"},"west":{"uv":[4.25,9,4.75,9.25],"texture":"#0"},"up":{"uv":[1.25,9.5,0.75,9],"texture":"#0"},"down":{"uv":[9.5,1,9,1.5],"texture":"#0"}}},{"from":[7,14,9],"to":[9,15,11],"rotation":{"angle":0,"axis":"y","origin":[-1,10,0]},"faces":{"north":{"uv":[4.75,9,5.25,9.25],"texture":"#0"},"east":{"uv":[5.25,9,5.75,9.25],"texture":"#0"},"south":{"uv":[5.75,9,6.25,9.25],"texture":"#0"},"west":{"uv":[6.25,9,6.75,9.25],"texture":"#0"},"up":{"uv":[1.75,9.5,1.25,9],"texture":"#0"},"down":{"uv":[9.5,1.5,9,2],"texture":"#0"}}},{"from":[2.5,10,8.5],"to":[5,12,11.5],"rotation":{"angle":0,"axis":"y","origin":[-1,10,0]},"faces":{"north":{"uv":[7.5,8.5,8.125,9],"texture":"#0"},"east":{"uv":[8.25,3,9,3.5],"texture":"#0"},"south":{"uv":[8.25,8.5,8.875,9],"texture":"#0"},"west":{"uv":[8.25,3.5,9,4],"texture":"#0"},"up":{"uv":[8.625,5.75,8,5],"texture":"#0"},"down":{"uv":[8.625,5.75,8,6.5],"texture":"#0"}}},{"from":[4.25,9,8.5],"to":[6.25,14,10.5],"rotation":{"angle":22.5,"axis":"x","origin":[-0.5,10,0]},"faces":{"north":{"uv":[5.5,7.75,6,9],"texture":"#0"},"east":{"uv":[6,7.75,6.5,9],"texture":"#0"},"south":{"uv":[6.5,7.75,7,9],"texture":"#0"},"west":{"uv":[7,7.75,7.5,9],"texture":"#0"},"up":{"uv":[9.25,7.75,8.75,7.25],"texture":"#0"},"down":{"uv":[9.25,7.75,8.75,8.25],"texture":"#0"}}},{"from":[4,-2.12502,9.39805],"to":[6.5,2.87498,12.14805],"rotation":{"angle":-22.5,"axis":"x","origin":[-0.5,-1.12502,1.14805]},"faces":{"north":{"uv":[7.25,4.25,7.875,5.5],"texture":"#0"},"east":{"uv":[2.5,7,3.25,8.25],"texture":"#0"},"south":{"uv":[7.25,5.5,7.875,6.75],"texture":"#0"},"west":{"uv":[3.25,7,4,8.25],"texture":"#0"},"up":{"uv":[1.375,9,0.75,8.25],"texture":"#0"},"down":{"uv":[2.125,8.25,1.5,9],"texture":"#0"}}},{"from":[4.25,-2,3.5],"to":[6.25,-0.5,6.5],"rotation":{"angle":-22.5,"axis":"x","origin":[-0.5,10,0]},"faces":{"north":{"uv":[9,2.5,9.5,2.875],"texture":"#0"},"east":{"uv":[0,8.75,0.75,9.125],"texture":"#0"},"south":{"uv":[9,3,9.5,3.375],"texture":"#0"},"west":{"uv":[8.75,0,9.5,0.375],"texture":"#0"},"up":{"uv":[4.25,9,3.75,8.25],"texture":"#0"},"down":{"uv":[8.75,7.75,8.25,8.5],"texture":"#0"}}},{"from":[4.25,7,11.5],"to":[6.25,8.5,14.5],"rotation":{"angle":22.5,"axis":"x","origin":[-0.5,10,0]},"faces":{"north":{"uv":[9,2.5,9.5,2.875],"texture":"#0"},"east":{"uv":[0,8.75,0.75,9.125],"texture":"#0"},"south":{"uv":[9,3,9.5,3.375],"texture":"#0"},"west":{"uv":[8.75,0,9.5,0.375],"texture":"#0"},"up":{"uv":[4.25,9,3.75,8.25],"texture":"#0"},"down":{"uv":[8.75,7.75,8.25,8.5],"texture":"#0"}}},{"from":[6,20,8],"to":[10,24,12],"rotation":{"angle":0,"axis":"y","origin":[-1,10,0]},"faces":{"north":{"uv":[6,0,7,1],"texture":"#0"},"east":{"uv":[6,1,7,2],"texture":"#0"},"south":{"uv":[6,2,7,3],"texture":"#0"},"west":{"uv":[6,3,7,4],"texture":"#0"},"up":{"uv":[7,5,6,4],"texture":"#0"},"down":{"uv":[5.5,6.75,4.5,7.75],"texture":"#0"}}},{"from":[7.25,26,2],"to":[8.75,28.75,3.5],"rotation":{"angle":22.5,"axis":"x","origin":[-1,10,0]},"faces":{"north":{"uv":[2.25,8.75,2.625,9.5],"texture":"#0"},"east":{"uv":[2.75,8.75,3.125,9.5],"texture":"#0"},"south":{"uv":[3.25,8.75,3.625,9.5],"texture":"#0"},"west":{"uv":[8.75,4,9.125,4.75],"texture":"#0"},"up":{"uv":[9.375,3.875,9,3.5],"texture":"#0"},"down":{"uv":[4.125,9,3.75,9.375],"texture":"#0"}}},{"from":[6.025,26,2],"to":[7,28,3.5],"rotation":{"angle":22.5,"axis":"x","origin":[-1,10,0]},"faces":{"north":{"uv":[7,4.25,7.25,4.75],"texture":"#0"},"east":{"uv":[1.75,9,2.125,9.5],"texture":"#0"},"south":{"uv":[7,5.75,7.25,6.25],"texture":"#0"},"west":{"uv":[9,2,9.375,2.5],"texture":"#0"},"up":{"uv":[7.25,6.625,7,6.25],"texture":"#0"},"down":{"uv":[4.5,8.25,4.25,8.625],"texture":"#0"}}},{"from":[9,26,2],"to":[9.975,28,3.5],"rotation":{"angle":22.5,"axis":"x","origin":[17,10,0]},"faces":{"north":{"uv":[7.25,4.25,7,4.75],"texture":"#0"},"east":{"uv":[9.375,2,9,2.5],"texture":"#0"},"south":{"uv":[7.25,5.75,7,6.25],"texture":"#0"},"west":{"uv":[2.125,9,1.75,9.5],"texture":"#0"},"up":{"uv":[7,6.625,7.25,6.25],"texture":"#0"},"down":{"uv":[4.25,8.25,4.5,8.625],"texture":"#0"}}},{"from":[2,18,8.5],"to":[5,20,11.5],"rotation":{"angle":0,"axis":"y","origin":[-1,10,0]},"faces":{"north":{"uv":[8.25,2,9,2.5],"texture":"#0"},"east":{"uv":[2.25,8.25,3,8.75],"texture":"#0"},"south":{"uv":[8.25,2.5,9,3],"texture":"#0"},"west":{"uv":[3,8.25,3.75,8.75],"texture":"#0"},"up":{"uv":[8.25,8.5,7.5,7.75],"texture":"#0"},"down":{"uv":[0.75,8,0,8.75],"texture":"#0"}}},{"from":[4,11,9],"to":[9,13,11],"rotation":{"angle":45,"axis":"z","origin":[-1,10,0]},"faces":{"north":{"uv":[7.5,6.75,8.75,7.25],"texture":"#0"},"east":{"uv":[8.75,4.75,9.25,5.25],"texture":"#0"},"south":{"uv":[7.5,7.25,8.75,7.75],"texture":"#0"},"west":{"uv":[8.75,5.25,9.25,5.75],"texture":"#0"},"up":{"uv":[9,1.5,7.75,1],"texture":"#0"},"down":{"uv":[9,1.5,7.75,2],"texture":"#0"}}},{"from":[-6.58579,5.65685,8.5],"to":[-3.58579,10.65685,11.5],"rotation":{"angle":-45,"axis":"z","origin":[3.41421,5.65685,0]},"faces":{"north":{"uv":[1,7,1.75,8.25],"texture":"#0"},"east":{"uv":[7,1,7.75,2.25],"texture":"#0"},"south":{"uv":[1.75,7,2.5,8.25],"texture":"#0"},"west":{"uv":[7,2.25,7.75,3.5],"texture":"#0"},"up":{"uv":[8.75,0.75,8,0],"texture":"#0"},"down":{"uv":[8.75,4.25,8,5],"texture":"#0"}}},{"from":[0.41421,10.65685,9],"to":[2.41421,15.65685,11],"rotation":{"angle":0,"axis":"z","origin":[3.41421,5.65685,0]},"faces":{"north":{"uv":[4,7,4.5,8.25],"texture":"#0"},"east":{"uv":[7.75,2,8.25,3.25],"texture":"#0"},"south":{"uv":[4.5,7.75,5,9],"texture":"#0"},"west":{"uv":[5,7.75,5.5,9],"texture":"#0"},"up":{"uv":[9.25,6.25,8.75,5.75],"texture":"#0"},"down":{"uv":[9.25,6.75,8.75,7.25],"texture":"#0"}}},{"from":[11,10,8.5],"to":[13.5,12,11.5],"rotation":{"angle":0,"axis":"y","origin":[17,10,0]},"faces":{"north":{"uv":[8.125,8.5,7.5,9],"texture":"#0"},"east":{"uv":[9,3.5,8.25,4],"texture":"#0"},"south":{"uv":[8.875,8.5,8.25,9],"texture":"#0"},"west":{"uv":[9,3,8.25,3.5],"texture":"#0"},"up":{"uv":[8,5.75,8.625,5],"texture":"#0"},"down":{"uv":[8,5.75,8.625,6.5],"texture":"#0"}}},{"from":[9.75,9,8.5],"to":[11.75,14,10.5],"rotation":{"angle":22.5,"axis":"x","origin":[16.5,10,0]},"faces":{"north":{"uv":[6,7.75,5.5,9],"texture":"#0"},"east":{"uv":[7.5,7.75,7,9],"texture":"#0"},"south":{"uv":[7,7.75,6.5,9],"texture":"#0"},"west":{"uv":[6.5,7.75,6,9],"texture":"#0"},"up":{"uv":[8.75,7.75,9.25,7.25],"texture":"#0"},"down":{"uv":[8.75,7.75,9.25,8.25],"texture":"#0"}}},{"from":[9.5,-2.12502,9.39805],"to":[12,2.87498,12.14805],"rotation":{"angle":-22.5,"axis":"x","origin":[16.5,-1.12502,1.14805]},"faces":{"north":{"uv":[7.875,4.25,7.25,5.5],"texture":"#0"},"east":{"uv":[4,7,3.25,8.25],"texture":"#0"},"south":{"uv":[7.875,5.5,7.25,6.75],"texture":"#0"},"west":{"uv":[3.25,7,2.5,8.25],"texture":"#0"},"up":{"uv":[0.75,9,1.375,8.25],"texture":"#0"},"down":{"uv":[1.5,8.25,2.125,9],"texture":"#0"}}},{"from":[9.75,-2,3.5],"to":[11.75,-0.5,6.5],"rotation":{"angle":-22.5,"axis":"x","origin":[16.5,10,0]},"faces":{"north":{"uv":[9.5,2.5,9,2.875],"texture":"#0"},"east":{"uv":[9.5,0,8.75,0.375],"texture":"#0"},"south":{"uv":[9.5,3,9,3.375],"texture":"#0"},"west":{"uv":[0.75,8.75,0,9.125],"texture":"#0"},"up":{"uv":[3.75,9,4.25,8.25],"texture":"#0"},"down":{"uv":[8.25,7.75,8.75,8.5],"texture":"#0"}}},{"from":[9.75,7,11.5],"to":[11.75,8.5,14.5],"rotation":{"angle":22.5,"axis":"x","origin":[16.5,10,0]},"faces":{"north":{"uv":[9.5,2.5,9,2.875],"texture":"#0"},"east":{"uv":[9.5,0,8.75,0.375],"texture":"#0"},"south":{"uv":[9.5,3,9,3.375],"texture":"#0"},"west":{"uv":[0.75,8.75,0,9.125],"texture":"#0"},"up":{"uv":[3.75,9,4.25,8.25],"texture":"#0"},"down":{"uv":[8.25,7.75,8.75,8.5],"texture":"#0"}}},{"from":[11,18,8.5],"to":[14,20,11.5],"rotation":{"angle":0,"axis":"y","origin":[17,10,0]},"faces":{"north":{"uv":[9,2,8.25,2.5],"texture":"#0"},"east":{"uv":[3.75,8.25,3,8.75],"texture":"#0"},"south":{"uv":[9,2.5,8.25,3],"texture":"#0"},"west":{"uv":[3,8.25,2.25,8.75],"texture":"#0"},"up":{"uv":[7.5,8.5,8.25,7.75],"texture":"#0"},"down":{"uv":[0,8,0.75,8.75],"texture":"#0"}}},{"from":[7,11,9],"to":[12,13,11],"rotation":{"angle":-45,"axis":"z","origin":[17,10,0]},"faces":{"north":{"uv":[8.75,6.75,7.5,7.25],"texture":"#0"},"east":{"uv":[9.25,5.25,8.75,5.75],"texture":"#0"},"south":{"uv":[8.75,7.25,7.5,7.75],"texture":"#0"},"west":{"uv":[9.25,4.75,8.75,5.25],"texture":"#0"},"up":{"uv":[7.75,1.5,9,1],"texture":"#0"},"down":{"uv":[7.75,1.5,9,2],"texture":"#0"}}},{"from":[19.58579,5.65685,8.5],"to":[22.58579,10.65685,11.5],"rotation":{"angle":45,"axis":"z","origin":[12.58579,5.65685,0]},"faces":{"north":{"uv":[1.75,7,1,8.25],"texture":"#0"},"east":{"uv":[7.75,2.25,7,3.5],"texture":"#0"},"south":{"uv":[2.5,7,1.75,8.25],"texture":"#0"},"west":{"uv":[7.75,1,7,2.25],"texture":"#0"},"up":{"uv":[8,0.75,8.75,0],"texture":"#0"},"down":{"uv":[8,4.25,8.75,5],"texture":"#0"}}},{"from":[13.58579,10.65685,9],"to":[15.58579,15.65685,11],"rotation":{"angle":0,"axis":"z","origin":[12.58579,5.65685,0]},"faces":{"north":{"uv":[4.5,7,4,8.25],"texture":"#0"},"east":{"uv":[5.5,7.75,5,9],"texture":"#0"},"south":{"uv":[5,7.75,4.5,9],"texture":"#0"},"west":{"uv":[8.25,2,7.75,3.25],"texture":"#0"},"up":{"uv":[8.75,6.25,9.25,5.75],"texture":"#0"},"down":{"uv":[8.75,6.75,9.25,7.25],"texture":"#0"}}}],"display":{"thirdperson_righthand":{"rotation":[90,-90,0],"translation":[-6,-14.25,13.5],"scale":[2.2,2.2,2.2]},"fixed":{"translation":[0.25,7,0],"scale":[2,2,2]}},"groups":[0,1,2,3,4,5,6,7,{"name":"group","origin":[-0.5,10,0],"color":0,"children":[8,9,10,11,12]},{"name":"group","origin":[-1,10,0],"color":0,"children":[13,14,15,16]},{"name":"group","origin":[3.41421,5.65685,0],"color":0,"children":[17,18,19,20]},{"name":"group","origin":[-0.5,10,0],"color":0,"children":[21,22,23,24,25]},{"name":"group","origin":[3.41421,5.65685,0],"color":0,"children":[26,27,28,29]}]}